vehicle_id,is_weekend,latitude,longitude,bearing,speed,current_time,stop_lat,stop_lon,arrival_time,actual_arrival_time
5817.0,0.0,34.05662,-118.27677,207.77948,0.0,69725.0,34.056686,-118.27685,69480.0,1
5818.0,0.0,33.83237,-118.26381,179.8758,7.465568,69723.0,33.831394,-118.263824,69840.0,2
5819.0,0.0,33.894196,-118.12529,359.6821,9.700768,69725.0,33.89687,-118.12515,69600.0,2
5812.0,0.0,33.892628,-118.20784,176.65479,5.722112,69724.0,33.892513,-118.20788,69540.0,1
5822.0,0.0,33.982002,-118.24822,90.29681,3.531616,69722.0,33.981983,-118.247925,69420.0,1
5823.0,0.0,34.194324,-118.36111,18.807152,3.531616,69724.0,34.193142,-118.35413,69300.0,2
5838.0,0.0,34.063667,-118.445114,269.39728,0.0,69725.0,34.062714,-118.44552,70020.0,2
5831.0,0.0,33.856865,-117.97636,179.47003,9.298431,69725.0,33.84949,-117.97628,69900.0,2
5832.0,0.0,34.06412,-118.26454,298.51865,9.432544,69724.0,34.06463,-118.265434,69480.0,2
5833.0,0.0,33.94801,-118.27842,179.93643,10.863071,69725.0,33.945015,-118.27854,69840.0,2
5835.0,0.0,34.1642,-118.37433,153.45038,8.583168,69725.0,34.1621,-118.37307,69300.0,2
5851.0,0.0,34.306797,-118.413025,356.21268,0.044704,69721.0,34.30665,-118.41299,69720.0,1
5842.0,0.0,34.02759,-118.389984,1.9539224,0.0,69725.0,34.027546,-118.38983,69780.0,1
5843.0,0.0,34.09002,-118.21286,237.68314,12.96416,69654.0,34.088665,-118.21555,69540.0,2
5846.0,0.0,34.02219,-118.16549,284.25696,8.225535,69720.0,34.02264,-118.16721,69480.0,2
5862.0,0.0,33.913456,-118.103966,72.107956,0.0,69725.0,33.916977,-118.0989,70080.0,2
5852.0,0.0,33.86913,-118.287285,229.24854,0.0,69720.0,33.86934,-118.28731,70620.0,1
5853.0,0.0,34.05674,-118.39634,328.30362,0.0,69723.0,34.05673,-118.39625,69720.0,1
5854.0,0.0,34.072315,-118.04613,68.26306,0.44704,69723.0,34.072197,-118.04513,70440.0,1
5855.0,0.0,34.097847,-118.128075,58.40014,0.0,69724.0,34.09767,-118.12829,69900.0,1
5856.0,0.0,34.05348,-118.22302,220.96558,21.770847,69724.0,34.053944,-118.23245,69840.0,2
5857.0,0.0,33.94956,-118.39214,359.61008,0.0,69725.0,33.95025,-118.39255,70080.0,1
5872.0,0.0,33.88799,-118.040634,269.54578,12.651232,69720.0,33.888058,-118.042656,69660.0,2
5864.0,0.0,34.152447,-118.34161,249.00908,3.6657279,69725.0,34.152138,-118.34433,69720.0,2
5865.0,0.0,34.041332,-118.34721,197.26468,6.03504,69725.0,34.040627,-118.34756,69120.0,2
5868.0,0.0,33.880173,-118.15997,359.65134,11.2654085,69720.0,33.882168,-118.15987,69300.0,2
5881.0,0.0,33.95509,-118.113365,203.62364,7.59968,69725.0,33.954563,-118.113655,68760.0,2
5883.0,0.0,34.073997,-118.27235,26.989435,12.204191,69725.0,34.075203,-118.27151,69840.0,2
5884.0,0.0,34.12476,-118.07301,356.69888,5.588,69725.0,34.124844,-118.07291,69720.0,1
5875.0,0.0,34.183304,-118.314835,315.7255,4.1127677,69724.0,34.183273,-118.314766,68940.0,1
5877.0,0.0,34.09208,-118.25876,170.03572,5.409184,69721.0,34.092197,-118.25883,69780.0,1
5878.0,0.0,34.045395,-118.250145,129.05264,0.0,69724.0,34.04505,-118.24976,69840.0,2
5891.0,0.0,33.867157,-118.256546,308.14044,0.0,69724.0,33.867123,-118.25717,70920.0,1
5892.0,0.0,34.172474,-118.5644,264.09012,15.154656,69726.0,34.172436,-118.56574,69480.0,2
5893.0,0.0,34.06616,-118.228775,57.923046,13.187679,69725.0,34.06673,-118.22738,69600.0,2
5894.0,0.0,34.058365,-118.4435,340.1,0.0,69724.0,34.0588,-118.443375,71100.0,1
5896.0,0.0,33.929413,-118.376595,321.0,0.044704,69721.0,33.92959,-118.3772,70440.0,1
4101.0,0.0,34.16864,-118.3756,255.0,0.0,69706.0,34.16883,-118.3753,70260.0,1
4112.0,0.0,34.235405,-118.5356,90.24821,0.0,69724.0,34.23537,-118.53575,69780.0,1
4105.0,0.0,34.16893,-118.37541,88.57259,0.0,69726.0,34.16883,-118.3753,69960.0,1
4108.0,0.0,34.221478,-118.473526,269.98947,1.34112,69724.0,34.221516,-118.4733,69540.0,1
4109.0,0.0,34.221714,-118.39874,270.10608,12.96416,69382.0,34.221786,-118.39963,69420.0,2
4122.0,0.0,34.02556,-118.35656,269.4878,4.783328,69726.0,34.02564,-118.35789,68940.0,2
4124.0,0.0,34.033257,-118.26573,120.0,8.9408,69684.0,34.033195,-118.26457,69540.0,1
4116.0,0.0,34.07107,-118.04363,89.30786,5.81152,69636.0,34.072517,-118.042015,69300.0,2
4117.0,0.0,34.168915,-118.375046,321.77585,0.0,69374.0,34.16883,-118.3753,69900.0,1
4118.0,0.0,34.038795,-118.244,310.21997,4.02336,69724.0,34.038784,-118.24378,69360.0,1
4119.0,0.0,34.01406,-118.499275,137.95433,5.096256,69725.0,34.011368,-118.49461,69840.0,2
4133.0,0.0,34.141724,-118.14885,359.5222,0.44704,69725.0,34.141582,-118.14875,69720.0,1
4134.0,0.0,34.039997,-118.26664,299.38916,0.44704,69724.0,34.040302,-118.26702,69900.0,1
4127.0,0.0,34.057705,-118.23116,127.1,1.8328639,69721.0,34.0567,-118.23082,70080.0,1
4129.0,0.0,34.03345,-118.1597,269.0533,0.0,69540.0,34.03376,-118.16185,69540.0,2
4141.0,0.0,34.067013,-118.416595,90.04126,9.924288,69725.0,34.066967,-118.41121,69600.0,2
4142.0,0.0,34.018024,-118.19225,89.736496,10.147808,69725.0,34.01914,-118.19212,69720.0,2
4136.0,0.0,34.02042,-118.40424,235.74767,5.096256,69725.0,34.020523,-118.404175,69780.0,1
4138.0,0.0,34.141747,-118.25506,179.76297,9.477248,69725.0,34.142365,-118.25514,69300.0,1
4154.0,0.0,33.96006,-118.32607,270.10797,4.8727355,69726.0,33.96012,-118.32626,69360.0,1
8513.0,0.0,34.056942,-118.447235,144.70372,0.0,69720.0,34.057022,-118.44728,70560.0,1
4147.0,0.0,33.928986,-118.18434,198.71785,2.0563838,69721.0,33.927864,-118.184845,69780.0,2
8505.0,0.0,34.09806,-118.33848,269.90872,0.044704,69721.0,34.098118,-118.338486,68520.0,1
4148.0,0.0,34.022278,-118.806305,97.35933,17.389856,69725.0,34.021366,-118.80242,69720.0,2
8509.0,0.0,34.074535,-118.26528,27.13252,3.3975039,69725.0,34.07449,-118.26521,69600.0,1
8507.0,0.0,34.097897,-118.33929,89.88392,5.856224,69724.0,34.097862,-118.33881,69420.0,2
8508.0,0.0,34.09807,-118.364876,269.1966,26.375359,69724.0,34.09814,-118.36548,69720.0,2
4161.0,0.0,34.177826,-118.30746,311.77048,0.0,69687.0,34.177807,-118.30727,70560.0,1
4162.0,0.0,34.274014,-118.41192,318.85568,2.145792,69721.0,34.273983,-118.41178,69780.0,1
8520.0,0.0,34.063595,-118.44665,88.641846,0.0,69720.0,34.063595,-118.44673,70800.0,1
4163.0,0.0,34.15961,-118.28006,317.19107,13.053568,69724.0,34.15916,-118.27943,69720.0,1
4164.0,0.0,33.924625,-118.240616,269.70816,10.550144,69725.0,33.924698,-118.242226,69480.0,2
4166.0,0.0,34.083565,-118.30527,269.6828,10.550144,69724.0,34.083652,-118.30946,69660.0,2
8522.0,0.0,34.017776,-118.49484,315.85977,0.044704,69721.0,34.017548,-118.49449,70440.0,1
4160.0,0.0,34.21564,-118.44887,180.1425,5.6774077,69724.0,34.215366,-118.44891,69540.0,1
8516.0,0.0,34.063595,-118.446495,88.641846,0.0,69726.0,34.063595,-118.44673,69840.0,1
4158.0,0.0,34.32613,-118.447075,357.90918,0.0,69721.0,34.326157,-118.446976,71220.0,1
8515.0,0.0,34.09784,-118.28664,309.32666,0.0,69725.0,34.098293,-118.287735,69480.0,2
4172.0,0.0,34.211704,-118.51856,0.031376403,10.907776,69725.0,34.212173,-118.51844,69840.0,2
8530.0,0.0,33.9527,-118.38395,269.93137,17.300447,69725.0,33.952747,-118.38636,69180.0,2
8531.0,0.0,33.968044,-118.1674,97.04397,16.764,69724.0,33.96769,-118.164406,69360.0,2
4173.0,0.0,34.19233,-118.6425,2.0,12.830049,69725.0,34.188004,-118.64256,69480.0,1
8534.0,0.0,34.06387,-118.27472,141.97598,7.197344,69725.0,34.063686,-118.27461,69600.0,1
4176.0,0.0,34.010796,-118.31451,89.47316,16.98752,69725.0,34.01072,-118.314064,69240.0,1
4178.0,0.0,34.05246,-118.289314,270.4125,8.985504,69721.0,34.052628,-118.29141,69480.0,2
4179.0,0.0,33.974895,-118.26528,179.8328,0.0,69721.0,33.97491,-118.26532,69780.0,1
4169.0,0.0,34.20664,-118.431206,0.43577567,5.36448,69725.0,34.207027,-118.43108,69780.0,2
8527.0,0.0,34.036205,-118.24032,310.20673,9.521952,69724.0,34.0392,-118.239784,69780.0,2
8528.0,0.0,34.05905,-118.263275,296.42294,3.3528,69725.0,34.05912,-118.26323,69960.0,1
8526.0,0.0,34.084248,-118.3826,248.38312,0.44704,69726.0,34.084957,-118.38162,69780.0,1
8529.0,0.0,34.06096,-118.26826,118.27768,0.0,69725.0,34.06065,-118.26769,69360.0,2
4184.0,0.0,34.18597,-118.567505,61.181408,8.761984,69720.0,34.185707,-118.56785,69300.0,1
4186.0,0.0,34.061348,-118.24691,25.616476,0.044704,69721.0,34.062107,-118.24644,70020.0,1
4187.0,0.0,34.29366,-118.45122,171.01804,0.0,69726.0,34.293472,-118.45085,70740.0,1
4188.0,0.0,33.9893,-118.26027,269.60718,8.180832,69725.0,33.989426,-118.26063,69600.0,2
8546.0,0.0,34.08618,-118.38204,50.232048,0.0,69726.0,34.084957,-118.38162,69540.0,2
1908.0,0.0,34.09564,-118.29088,172.0,0.268224,69721.0,34.09567,-118.29109,70860.0,1
8544.0,0.0,34.06895,-118.2892,90.78585,10.2819195,69577.0,34.06886,-118.286995,69840.0,2
4180.0,0.0,34.08568,-118.22461,136.31528,0.44704,69725.0,34.08584,-118.22485,69720.0,1
4181.0,0.0,34.065586,-118.13444,178.72853,0.0,69723.0,34.065704,-118.134445,69840.0,1
4182.0,0.0,34.067146,-118.39519,270.13162,7.2867517,69725.0,34.06722,-118.40182,69900.0,2
1907.0,0.0,34.068874,-118.30034,0.027802791,0.044704,69721.0,34.069305,-118.30024,69840.0,1
1905.0,0.0,34.06344,-118.36135,1.5665305,14.30528,69725.0,34.06359,-118.361206,68220.0,1
1904.0,0.0,34.101658,-118.33608,269.6759,4.559808,69721.0,34.101704,-118.33596,69660.0,1
8537.0,0.0,33.930656,-118.20926,94.72883,0.89408,69622.0,33.930546,-118.20839,69420.0,2
1902.0,0.0,34.101734,-118.30709,89.69455,13.679424,69725.0,34.10163,-118.30453,69900.0,2
4195.0,0.0,34.17538,-118.59742,359.89755,12.606528,69725.0,34.179382,-118.59778,69480.0,2
8553.0,0.0,34.039608,-118.24108,126.82603,8.091424,69724.0,34.039356,-118.240746,69660.0,1
8551.0,0.0,34.065426,-118.277534,297.1625,13.590015,69721.0,34.065113,-118.276596,69000.0,1
4197.0,0.0,34.190468,-118.5964,91.05841,0.44704,69724.0,34.190453,-118.59647,69480.0,1
1919.0,0.0,34.144066,-118.254944,359.86383,0.044704,69721.0,34.1447,-118.25484,69960.0,2
4190.0,0.0,34.03505,-118.26138,33.831947,12.07008,69724.0,34.039692,-118.25746,69660.0,2
4193.0,0.0,34.187847,-118.64266,67.64284,0.44704,69725.0,34.188004,-118.64256,69900.0,1
8549.0,0.0,34.049015,-118.2384,104.0,0.44704,69725.0,34.073914,-118.20506,71340.0,1
1917.0,0.0,34.01396,-118.2827,359.7947,5.6774077,69725.0,34.01385,-118.28259,69300.0,1
8547.0,0.0,34.063824,-118.27453,311.1825,7.2420483,69720.0,34.06395,-118.27446,69540.0,2
8548.0,0.0,34.03732,-118.23972,143.0,0.44704,69724.0,34.03666,-118.24015,71340.0,1
1914.0,0.0,34.10013,-118.32539,330.0,0.134112,69721.0,34.10022,-118.325615,70500.0,1
1911.0,0.0,34.14583,-118.132805,89.59955,0.715264,69720.0,34.145775,-118.132,69480.0,2
8563.0,0.0,34.08116,-118.21974,322.81277,13.85824,69724.0,34.0818,-118.22013,69840.0,2
8561.0,0.0,34.13491,-118.21547,193.92769,0.0,69724.0,34.13498,-118.21547,69780.0,1
8562.0,0.0,33.973446,-118.21748,277.08856,0.0,69597.0,33.973526,-118.2173,69420.0,1
8567.0,0.0,34.051815,-118.20466,207.81747,9.209024,69725.0,34.0501,-118.20585,69780.0,2
8568.0,0.0,34.12205,-118.22441,60.149677,0.44704,69724.0,34.122234,-118.22404,69720.0,1
8565.0,0.0,33.95123,-118.20663,186.75563,2.68224,69725.0,33.951256,-118.206665,69780.0,1
1921.0,0.0,34.063313,-118.16913,94.83571,6.7056,69726.0,34.063183,-118.16908,69600.0,2
1929.0,0.0,34.03938,-118.24077,126.82603,0.0,69725.0,34.039356,-118.240746,69720.0,1
1928.0,0.0,34.062996,-118.25155,39.930573,0.0,69726.0,34.06389,-118.25134,70140.0,2
8558.0,0.0,34.056908,-118.33578,91.57512,10.147808,69722.0,34.05676,-118.33357,69720.0,2
1927.0,0.0,33.929413,-118.2508,89.897156,17.300447,69724.0,33.929356,-118.24641,69780.0,2
1923.0,0.0,34.022842,-118.169044,104.24708,6.2585597,69726.0,34.02271,-118.16878,69600.0,1
1922.0,0.0,34.062527,-118.35434,271.19604,8.091424,69725.0,34.06259,-118.355095,69660.0,2
8571.0,0.0,34.142887,-118.22776,269.8685,0.0,69724.0,34.1429,-118.22788,70380.0,1
1939.0,0.0,34.142353,-118.37023,0.010702452,12.025375,69725.0,34.145138,-118.370125,69420.0,2
1937.0,0.0,34.188965,-118.13496,291.26483,8.985504,69722.0,34.189373,-118.13617,72780.0,2
1936.0,0.0,34.04294,-118.24793,299.0,8.9408,69725.0,34.042892,-118.2482,69960.0,1
8585.0,0.0,33.97492,-118.28278,180.0926,9.38784,69725.0,33.974934,-118.2828,69420.0,1
8583.0,0.0,34.07195,-118.22379,96.45878,8.806688,69724.0,34.071663,-118.222916,69840.0,2
8589.0,0.0,34.036392,-118.239555,325.80716,0.0,69721.0,34.03666,-118.24015,70440.0,1
8581.0,0.0,33.929127,-118.21125,165.24379,12.338304,69725.0,33.925274,-118.21015,69360.0,2
8580.0,0.0,34.043453,-118.32384,90.80108,0.0,69725.0,34.04346,-118.32382,69720.0,1
1942.0,0.0,33.9599,-118.403824,269.86255,6.4373755,69726.0,33.95997,-118.4042,69780.0,2
1940.0,0.0,33.779644,-118.26841,86.17176,12.338304,69721.0,33.779713,-118.26518,69240.0,2
1949.0,0.0,34.21874,-118.36927,32.840218,0.0,69725.0,34.21885,-118.36902,69780.0,1
8594.0,0.0,34.022762,-118.27953,207.84026,11.041888,69725.0,34.021744,-118.280266,69540.0,2
8598.0,0.0,34.05808,-118.23797,37.160843,0.40233597,69720.0,34.05784,-118.23663,69900.0,2
8593.0,0.0,34.09068,-118.38338,90.2422,1.78816,69386.0,34.09053,-118.38162,69360.0,2
1954.0,0.0,34.041786,-118.25838,217.5968,0.44704,69724.0,34.04146,-118.258736,69900.0,2
1953.0,0.0,34.260647,-118.39778,138.93248,14.5288,69725.0,34.2588,-118.3962,69840.0,2
1952.0,0.0,34.020817,-118.33503,0.051542044,12.07008,69724.0,34.02273,-118.33495,69960.0,2
1950.0,0.0,34.040573,-118.158615,89.761246,0.44704,69726.0,34.040493,-118.158585,69360.0,1
1957.0,0.0,33.875935,-118.348335,248.65927,9.968991,69724.0,33.875908,-118.34859,69840.0,1
1955.0,0.0,34.012444,-118.15947,174.31075,10.684256,69726.0,34.01175,-118.159355,69060.0,2
1962.0,0.0,33.929333,-118.376274,270.19052,0.044704,69721.0,33.92959,-118.3772,70080.0,1
1968.0,0.0,34.25716,-118.59956,89.662155,3.3975039,69726.0,34.253384,-118.599045,69660.0,2
1966.0,0.0,34.214676,-118.36264,129.48647,15.735808,69720.0,34.210228,-118.356255,69660.0,2
1976.0,0.0,34.055637,-118.24877,127.04476,8.672576,69725.0,34.054752,-118.24604,69480.0,2
1975.0,0.0,34.100666,-118.326614,359.96335,0.0,69721.0,34.101772,-118.32651,69840.0,2
1972.0,0.0,34.05436,-118.2257,298.03082,7.778496,69721.0,34.054256,-118.225235,69540.0,1
1971.0,0.0,34.051876,-118.05599,269.83237,0.0,69637.0,34.05193,-118.05584,69600.0,1
1970.0,0.0,34.194344,-118.65219,281.4975,16.004032,69725.0,34.19474,-118.653885,69780.0,2
1977.0,0.0,34.216087,-118.62355,179.6013,13.724128,69724.0,34.215637,-118.6236,69900.0,2
1990.0,0.0,34.166523,-118.58625,266.33624,0.44704,69725.0,34.16653,-118.58621,69720.0,1
1987.0,0.0,33.947018,-118.36135,359.78268,5.81152,69725.0,33.948933,-118.36119,69780.0,2
1986.0,0.0,34.101418,-118.30926,359.66367,8.04672,69724.0,34.101864,-118.30959,69960.0,2
1984.0,0.0,33.94999,-118.17166,278.0272,6.526784,69721.0,33.950703,-118.17609,69780.0,2
1982.0,0.0,34.08574,-118.18197,282.12616,10.594848,69724.0,34.086205,-118.18398,68460.0,2
1506.0,0.0,33.902,-118.29447,269.94168,11.62304,69724.0,33.90205,-118.29398,69480.0,1
1505.0,0.0,33.835968,-118.29025,359.78964,18.060417,69726.0,33.838696,-118.28993,69600.0,2
1989.0,0.0,34.29369,-118.45127,171.01804,0.0,69724.0,34.293472,-118.45085,70800.0,1
1998.0,0.0,34.2749,-118.44942,138.6009,0.44704,69548.0,34.274837,-118.449356,68880.0,1
1512.0,0.0,33.737904,-118.30894,90.07253,9.700768,69726.0,33.737858,-118.3074,69360.0,2
1995.0,0.0,34.037746,-118.14585,52.137386,0.0,69721.0,34.037567,-118.146065,68820.0,1
1993.0,0.0,34.066006,-118.180305,176.9552,0.0,69724.0,34.06634,-118.17784,69720.0,2
1992.0,0.0,34.235504,-118.52719,269.7815,0.0,69724.0,34.235233,-118.527466,69180.0,1
1519.0,0.0,33.866974,-118.06365,359.5121,0.0,69724.0,33.86738,-118.06355,69720.0,1
1518.0,0.0,33.785976,-118.28226,90.465546,8.49376,69374.0,33.785942,-118.28129,69360.0,2
1517.0,0.0,33.90183,-118.305405,89.79466,14.5288,69724.0,33.901806,-118.30494,69720.0,1
1516.0,0.0,33.89588,-118.22077,88.15826,0.044704,69720.0,33.895878,-118.21951,69660.0,2
1999.0,0.0,34.063965,-118.25132,148.55083,0.0,69722.0,34.06389,-118.25134,70680.0,1
1524.0,0.0,33.8785,-118.39608,179.95386,13.679424,69720.0,33.87687,-118.39612,69720.0,2
1523.0,0.0,33.79178,-118.33297,131.13893,9.83488,69725.0,33.791843,-118.333046,69660.0,1
1521.0,0.0,33.780037,-118.26023,86.29397,11.62304,69676.0,33.780125,-118.257484,69720.0,2
1520.0,0.0,33.903698,-118.14753,89.371506,15.42288,69724.0,33.903664,-118.146614,69840.0,2
1529.0,0.0,33.87704,-118.236374,176.66461,11.935968,69725.0,33.876076,-118.23589,69480.0,2
1526.0,0.0,33.90178,-118.39309,90.04791,0.0,69724.0,33.901756,-118.39249,69780.0,2
1536.0,0.0,33.90343,-118.21427,269.204,9.38784,69553.0,33.90311,-118.21639,69420.0,2
1533.0,0.0,33.889275,-118.12664,89.700874,9.656064,69721.0,33.88922,-118.125465,69840.0,2
1531.0,0.0,33.886803,-118.236916,356.59616,11.2654085,69720.0,33.88881,-118.23696,69660.0,2
1530.0,0.0,33.8976,-118.3959,359.76123,1.34112,69725.0,33.897552,-118.39587,69780.0,1
1550.0,0.0,33.916763,-118.10345,359.94125,2.771648,69722.0,33.91722,-118.107765,69600.0,2
1546.0,0.0,33.902027,-118.37841,271.7489,0.0,69726.0,33.90199,-118.379234,69480.0,2
1544.0,0.0,33.9298,-118.396126,4.4630213,10.594848,69721.0,33.929356,-118.3961,69780.0,1
5907.0,0.0,34.14055,-118.14822,93.57088,4.380992,69720.0,34.140285,-118.14103,69960.0,2
1543.0,0.0,33.896065,-118.21911,269.7889,1.34112,69724.0,33.896133,-118.21968,69660.0,2
1542.0,0.0,33.7908,-118.28307,278.38837,9.521952,69723.0,33.790897,-118.28369,69600.0,2
5909.0,0.0,33.958332,-118.37709,180.2579,10.863071,69726.0,33.92959,-118.3772,70260.0,2
1540.0,0.0,33.80381,-118.34808,303.95227,8.896095,69721.0,33.8051,-118.35091,69600.0,2
1548.0,0.0,33.847393,-118.38795,345.6603,10.147808,69720.0,33.84906,-118.38837,69720.0,2
5903.0,0.0,34.12508,-118.26567,237.63148,0.0,69683.0,34.125195,-118.26557,69060.0,1
1558.0,0.0,34.204933,-118.46636,179.9713,0.44704,69724.0,34.20496,-118.46634,69720.0,1
5915.0,0.0,33.927456,-118.352806,179.9733,0.0,69725.0,33.92705,-118.352745,69060.0,1
1557.0,0.0,34.19963,-118.22879,19.768679,10.952479,69724.0,34.200943,-118.22778,69600.0,2
1553.0,0.0,33.782646,-118.195435,270.08817,9.790175,69724.0,33.78274,-118.1992,69840.0,2
1551.0,0.0,33.77484,-118.30887,353.92334,10.2819195,69626.0,33.776196,-118.308945,69840.0,2
5910.0,0.0,34.100433,-118.29186,179.50975,0.0,69726.0,34.09929,-118.291916,70980.0,1
5912.0,0.0,33.87433,-118.22063,97.90495,16.31696,69724.0,33.87412,-118.21405,69900.0,2
5913.0,0.0,34.09807,-118.3441,358.13745,6.2138557,69725.0,34.097782,-118.34396,69900.0,1
1559.0,0.0,34.23543,-118.407394,318.62424,15.780511,69671.0,34.23565,-118.40742,69180.0,1
5927.0,0.0,33.9749,-118.33081,359.82092,5.36448,69726.0,33.97481,-118.3307,69660.0,1
1566.0,0.0,33.97055,-118.28088,180.03435,28.923487,69724.0,33.95964,-118.28104,69660.0,2
1564.0,0.0,34.221294,-118.47389,89.794556,0.0,69726.0,34.22127,-118.47174,69600.0,2
1563.0,0.0,34.21083,-118.35684,309.54776,12.96416,69721.0,34.21051,-118.356186,69360.0,1
5920.0,0.0,33.931034,-118.35231,269.88782,5.2303677,69722.0,33.931274,-118.35244,69780.0,2
5924.0,0.0,33.979836,-118.22527,179.87225,9.968991,69726.0,33.978092,-118.22531,69900.0,2
5925.0,0.0,33.881294,-118.2167,269.5818,0.0,69721.0,33.87976,-118.218025,69660.0,2
1582.0,0.0,34.063908,-118.251236,148.55083,0.0,69725.0,34.06389,-118.25134,70080.0,1
1580.0,0.0,34.27907,-118.46838,270.53687,4.6492157,69724.0,34.278793,-118.468895,69840.0,2
1579.0,0.0,34.20111,-118.42217,89.891945,3.3975039,69724.0,34.20108,-118.422195,69300.0,1
5939.0,0.0,33.969337,-118.22535,179.86139,0.0,69725.0,33.969315,-118.22534,69600.0,1
1577.0,0.0,34.19383,-118.60248,269.86713,7.15264,69720.0,34.193893,-118.601875,69540.0,1
1576.0,0.0,34.22147,-118.5028,180.06755,0.0,69724.0,34.22093,-118.5028,69600.0,2
1575.0,0.0,34.114685,-118.24558,319.4583,4.02336,69725.0,34.115116,-118.24589,69660.0,2
1574.0,0.0,34.193886,-118.41343,89.95338,1.0281919,69721.0,34.193825,-118.413414,69660.0,1
1592.0,0.0,34.063095,-118.30842,90.3897,0.0,69725.0,34.06303,-118.30844,69540.0,1
5949.0,0.0,34.16685,-118.588104,3.3607416,0.0,69600.0,34.166664,-118.58805,70020.0,1
1586.0,0.0,34.14036,-118.13931,89.78976,13.008864,69725.0,34.140297,-118.13651,69720.0,2
1585.0,0.0,34.25341,-118.59897,179.66025,0.0,69725.0,34.253384,-118.599045,69720.0,1
5943.0,0.0,33.98925,-118.24437,90.94826,9.656064,69721.0,33.98916,-118.24362,69300.0,2
5961.0,0.0,33.914524,-118.103294,260.0,2.68224,69725.0,33.913143,-118.10402,71040.0,1
5959.0,0.0,34.17121,-118.3372,247.98248,15.333471,69725.0,34.17061,-118.339226,69780.0,2
1598.0,0.0,34.2936,-118.45114,171.01804,0.0,69725.0,34.293472,-118.45085,69180.0,1
5951.0,0.0,34.044186,-118.16197,359.21347,1.34112,69720.0,34.04431,-118.166824,69600.0,2
5952.0,0.0,34.17275,-118.553406,358.7736,5.722112,69725.0,34.172966,-118.55331,69780.0,1
5953.0,0.0,34.0301,-118.25593,209.6359,0.0,69724.0,34.030083,-118.256,69600.0,1
5971.0,0.0,34.08333,-118.309265,179.89726,4.8727355,69724.0,34.08316,-118.30929,69180.0,1
5962.0,0.0,33.880398,-118.33457,248.35458,11.801856,69724.0,33.880283,-118.33505,69000.0,1
5967.0,0.0,34.09819,-118.293564,89.760025,9.298431,69726.0,34.09803,-118.29121,69840.0,2
5969.0,0.0,34.033165,-118.26302,213.69931,5.453888,69724.0,34.033504,-118.26514,69960.0,2
5980.0,0.0,34.057453,-118.23068,101.912735,0.0,69721.0,34.0567,-118.23082,69900.0,1
5974.0,0.0,33.940025,-118.30039,180.0822,6.079744,69724.0,33.940174,-118.30039,69480.0,1
5975.0,0.0,33.913746,-118.11876,266.7578,28.61056,69726.0,33.9598,-118.280556,70320.0,2
5976.0,0.0,33.969833,-118.14908,24.756823,6.616192,69725.0,33.969803,-118.14898,69780.0,1
5978.0,0.0,33.989132,-118.27426,89.70678,0.0,69725.0,33.989082,-118.274155,69660.0,1
5991.0,0.0,33.86819,-118.357155,90.64823,0.0,69723.0,33.86818,-118.35722,69840.0,1
2000.0,0.0,34.186596,-118.414085,89.979576,1.34112,69583.0,34.18657,-118.41394,69480.0,1
5985.0,0.0,34.02541,-118.32899,357.98602,0.0,69726.0,34.02552,-118.32894,69840.0,1
5987.0,0.0,33.982517,-118.30036,180.43776,0.0,69721.0,33.98249,-118.30036,69600.0,1
2012.0,0.0,34.20838,-118.50873,90.046,13.545311,69724.0,34.208294,-118.50517,69660.0,2
2011.0,0.0,34.201256,-118.50966,269.98386,0.0,69721.0,34.201283,-118.510185,69480.0,1
2010.0,0.0,34.140663,-118.73703,277.61853,17.65808,69724.0,34.140568,-118.73933,67500.0,2
2009.0,0.0,34.201122,-118.44871,89.857864,5.6774077,69725.0,34.20109,-118.4484,69780.0,1
2008.0,0.0,34.19405,-118.37504,269.95667,0.44704,69724.0,34.19408,-118.37498,69960.0,1
2006.0,0.0,34.05141,-118.24755,37.971786,9.656064,69721.0,34.0511,-118.24771,69600.0,1
2003.0,0.0,33.914246,-118.09949,88.46952,0.0,69726.0,33.91488,-118.09909,69780.0,2
5995.0,0.0,34.010944,-118.30106,269.8885,0.0,69724.0,34.010986,-118.300995,69780.0,1
19528.0,0.0,34.186245,-118.48572,269.9265,13.4112,69721.0,34.186287,-118.48443,69780.0,1
19527.0,0.0,34.188,-118.57342,291.54022,16.54048,69502.0,34.188736,-118.58925,69600.0,2
19535.0,0.0,34.18042,-118.53658,269.83627,26.8224,69725.0,34.180447,-118.536804,69660.0,1
2019.0,0.0,34.235508,-118.47149,90.20299,12.025375,69725.0,34.235424,-118.47213,69780.0,1
2018.0,0.0,34.15456,-118.4661,0.4876284,0.0,69570.0,34.15429,-118.466,70800.0,1
2017.0,0.0,34.062847,-118.04299,269.4906,31.292799,69724.0,34.06291,-118.04279,69660.0,1
2015.0,0.0,34.03316,-118.26483,35.52066,0.44704,69725.0,34.033195,-118.26457,70260.0,1
2014.0,0.0,34.04048,-118.18199,89.74766,3.57632,69724.0,34.040405,-118.18193,69720.0,1
19536.0,0.0,34.17274,-118.42289,332.17328,3.1292799,69721.0,34.17288,-118.42292,69600.0,2
2034.0,0.0,34.079494,-118.19346,190.92645,15.333471,69725.0,34.07677,-118.19474,69540.0,2
2033.0,0.0,34.107094,-118.13442,234.23563,4.02336,69581.0,34.10645,-118.13568,69480.0,2
2028.0,0.0,34.140568,-118.73627,90.723946,18.060417,69721.0,34.140343,-118.735115,69660.0,2
2026.0,0.0,33.93103,-118.28002,270.2468,10.460735,69725.0,33.930725,-118.28274,69780.0,2
2045.0,0.0,33.880756,-118.21804,352.67493,7.15264,69720.0,33.881313,-118.221344,69900.0,2
2043.0,0.0,33.94564,-118.395035,269.61148,7.9573116,69726.0,33.94587,-118.39594,69480.0,2
2041.0,0.0,34.139004,-118.36344,320.2616,0.44704,69725.0,34.13905,-118.363174,69780.0,1
2040.0,0.0,34.170097,-118.46612,0.16047837,17.523968,69724.0,34.172398,-118.465996,69660.0,2
2039.0,0.0,34.214222,-118.349686,314.04617,13.232384,69724.0,34.218304,-118.3542,69420.0,2
2038.0,0.0,34.25976,-118.31416,270.43286,8.404351,69725.0,34.25983,-118.31558,68940.0,2
2036.0,0.0,34.107197,-118.0325,52.984722,0.0,69724.0,34.10752,-118.03257,69720.0,1
2035.0,0.0,34.070667,-118.04425,,0.0,69724.0,34.033195,-118.26457,72540.0,1
2056.0,0.0,34.202347,-118.143745,21.0,11.712448,69724.0,34.202843,-118.14366,69540.0,1
2055.0,0.0,34.07063,-118.0442,68.26306,0.0,69724.0,34.072197,-118.04513,70320.0,1
2054.0,0.0,34.050133,-118.25713,128.20325,4.2021756,69724.0,34.049896,-118.257225,69720.0,1
2052.0,0.0,34.201107,-118.59623,269.87375,5.856224,69725.0,34.201164,-118.598045,69780.0,2
2051.0,0.0,34.256226,-118.50227,0.5186773,11.84656,69721.0,34.257797,-118.50218,69660.0,2
2050.0,0.0,34.160416,-118.50102,0.4283243,0.0,69723.0,34.1603,-118.50094,70020.0,1
2049.0,0.0,34.181763,-118.44885,180.12248,10.2819195,69725.0,34.180763,-118.448814,69840.0,2
2048.0,0.0,34.255436,-118.3903,219.0,23.69312,69725.0,34.256386,-118.38982,70620.0,1
2047.0,0.0,33.939335,-118.131874,122.08316,10.952479,69724.0,33.93801,-118.12939,69900.0,2
2061.0,0.0,34.086166,-118.186935,89.73126,0.0,69595.0,34.086197,-118.186874,69480.0,1
2060.0,0.0,33.973026,-118.34054,239.76822,16.138144,69721.0,33.971424,-118.34396,69780.0,2
2059.0,0.0,33.961716,-118.354126,89.288124,0.044704,69720.0,33.96167,-118.351616,69420.0,2
2057.0,0.0,34.06271,-118.09875,269.6873,6.7056,69724.0,34.06275,-118.0998,69900.0,2
8603.0,0.0,34.035603,-118.26614,303.93823,0.044704,69721.0,34.035744,-118.266136,69360.0,1
8609.0,0.0,34.04412,-118.291855,89.67421,0.0,69650.0,34.04412,-118.29138,69720.0,1
8607.0,0.0,34.07205,-118.36507,279.1733,8.49376,69724.0,34.07224,-118.36564,70080.0,2
8622.0,0.0,34.03674,-118.26003,33.875366,13.187679,69726.0,34.0389,-118.25811,69840.0,2
8621.0,0.0,34.01615,-118.498566,136.36945,4.828032,69724.0,34.01503,-118.497345,69540.0,2
8615.0,0.0,34.000454,-118.4402,238.7277,16.048737,69721.0,33.99993,-118.44151,69900.0,2
8616.0,0.0,34.07082,-118.35685,99.51829,7.644384,69725.0,34.070564,-118.35536,69480.0,2
8619.0,0.0,34.005745,-118.219765,178.95335,13.85824,69724.0,34.005672,-118.219795,69900.0,1
8618.0,0.0,34.016277,-118.4953,45.693638,0.0,69726.0,34.017548,-118.49449,69660.0,2
8633.0,0.0,34.043427,-118.362854,252.16632,16.361664,69726.0,34.04274,-118.365,69660.0,2
8634.0,0.0,33.99478,-118.47656,322.72415,0.0,69725.0,33.99462,-118.47629,70200.0,1
8632.0,0.0,34.07545,-118.37904,334.06332,6.8844156,69726.0,34.08168,-118.38317,70080.0,2
8626.0,0.0,34.044724,-118.32824,291.14514,0.0,69644.0,34.045082,-118.32888,69720.0,2
8627.0,0.0,34.000732,-118.48233,320.12042,12.338304,69726.0,34.008606,-118.48979,70080.0,2
8628.0,0.0,34.0126,-118.4175,55.62905,5.051552,69725.0,34.0129,-118.416794,69780.0,2
8629.0,0.0,34.02804,-118.39038,56.097046,4.425696,69720.0,34.02859,-118.38922,69780.0,2
8640.0,0.0,34.043957,-118.358246,79.74694,0.44704,69725.0,34.043884,-118.35842,69720.0,1
8645.0,0.0,34.04703,-118.25001,217.53844,7.912608,69724.0,34.046112,-118.25091,69900.0,2
8636.0,0.0,34.049053,-118.27395,118.24228,4.157472,69726.0,34.048996,-118.27405,69660.0,1
9503.0,0.0,34.053005,-118.259674,296.89407,17.8816,69705.0,34.055546,-118.26532,69840.0,2
9500.0,0.0,33.97502,-118.29178,179.87183,0.44704,69725.0,33.9743,-118.291756,69540.0,2
9501.0,0.0,34.01375,-118.490074,316.509,0.44704,69724.0,34.013885,-118.4902,69720.0,1
8648.0,0.0,33.959167,-118.28085,179.57207,12.4277115,69726.0,33.95964,-118.28104,69720.0,1
8649.0,0.0,34.08463,-118.383835,346.14404,6.7056,69724.0,34.08491,-118.38363,69780.0,2
8646.0,0.0,34.03133,-118.21753,27.9,11.310111,69722.0,34.1429,-118.22788,73200.0,1
9510.0,0.0,34.038486,-118.23924,181.98886,0.0,69721.0,34.036922,-118.23863,70140.0,1
6001.0,0.0,33.977184,-118.376,266.19623,7.420864,69721.0,33.977196,-118.37666,69840.0,2
6000.0,0.0,34.076103,-118.04111,11.3817425,0.044704,69721.0,34.07669,-118.04602,69720.0,2
9513.0,0.0,34.024292,-118.30897,179.85553,10.72896,69682.0,34.021614,-118.30904,69900.0,2
6003.0,0.0,34.001072,-118.083,297.58127,0.044704,69721.0,34.001026,-118.08275,70500.0,1
9514.0,0.0,33.92451,-118.291466,358.40182,0.0,69721.0,33.924004,-118.29132,70200.0,1
6002.0,0.0,34.100418,-118.34109,269.86215,0.44704,69723.0,34.10042,-118.34106,69720.0,1
9504.0,0.0,34.061806,-118.29966,269.58295,9.209024,69723.0,34.061882,-118.3002,69600.0,2
9505.0,0.0,33.93902,-118.291985,180.15213,9.83488,69726.0,33.928764,-118.29209,69060.0,2
6010.0,0.0,34.316,-118.44143,133.15932,10.326624,69726.0,34.315273,-118.440636,69180.0,2
9520.0,0.0,34.092052,-118.28002,319.61774,9.83488,69545.0,34.092102,-118.27985,69480.0,1
9521.0,0.0,33.986626,-118.3089,0.19770862,12.561824,69720.0,33.988873,-118.30877,69660.0,2
6011.0,0.0,34.107536,-118.04622,89.31721,12.07008,69677.0,34.107502,-118.04525,69900.0,2
9522.0,0.0,33.99651,-118.29156,179.74924,14.037056,69724.0,33.99705,-118.29166,69480.0,1
9523.0,0.0,34.090702,-118.32457,89.89703,0.44704,69726.0,34.090626,-118.322426,69780.0,2
6009.0,0.0,34.104507,-118.33013,158.54909,0.0,69726.0,34.104454,-118.33012,70020.0,1
9531.0,0.0,34.01613,-118.49543,45.198177,0.044704,69726.0,34.016647,-118.49468,69240.0,2
9530.0,0.0,34.068928,-118.29158,359.8388,3.7551358,69722.0,34.069332,-118.2915,69780.0,2
6024.0,0.0,34.061802,-118.29399,269.57126,9.38784,69680.0,34.06191,-118.295235,69240.0,2
6026.0,0.0,34.025436,-118.360054,94.11994,9.790175,69725.0,34.025383,-118.358215,69720.0,2
9528.0,0.0,33.92416,-118.2915,358.0,0.44704,69725.0,33.924004,-118.29132,69360.0,1
9546.0,0.0,34.035866,-118.29147,359.84308,0.44704,69726.0,34.040424,-118.291405,69960.0,2
6030.0,0.0,34.23567,-118.562454,177.94066,2.68224,69721.0,34.23562,-118.562416,69660.0,1
9539.0,0.0,34.082874,-118.309265,180.21954,0.0,69724.0,34.08316,-118.30929,69780.0,1
9537.0,0.0,34.07784,-118.291824,179.8302,6.079744,69725.0,34.076477,-118.29183,69720.0,2
6043.0,0.0,33.945423,-118.23683,180.01772,0.44704,69721.0,33.945396,-118.236855,69540.0,1
9554.0,0.0,34.07715,-118.258095,297.46008,0.0,69625.0,34.077065,-118.257706,69600.0,1
6045.0,0.0,33.849422,-117.96733,122.41711,28.52115,69721.0,33.809994,-117.91546,70440.0,2
9557.0,0.0,34.050194,-118.2917,179.83455,10.997184,69726.0,34.04688,-118.29175,69420.0,2
9558.0,0.0,34.018482,-118.49372,315.7953,0.044704,69722.0,34.018314,-118.49353,69960.0,1
6049.0,0.0,34.057323,-118.27481,207.0,3.3975039,69726.0,34.056957,-118.27507,70860.0,1
6048.0,0.0,33.988922,-118.35436,90.186005,0.0,69726.0,33.98909,-118.35393,69300.0,1
9550.0,0.0,33.99317,-118.31005,86.0,6.03504,69724.0,33.924004,-118.29132,71880.0,1
6040.0,0.0,34.07242,-118.052574,87.790504,26.017729,69725.0,34.07219,-118.045135,69660.0,2
9548.0,0.0,34.013935,-118.490265,316.509,0.0,69723.0,34.013885,-118.4902,70560.0,1
9565.0,0.0,34.056545,-118.27276,118.091934,0.089408,69722.0,34.05532,-118.26546,69840.0,2
6056.0,0.0,34.17774,-118.30753,131.77686,0.0,69724.0,34.17722,-118.30742,69420.0,2
6055.0,0.0,34.099937,-118.3248,133.0,1.34112,69723.0,34.10022,-118.325615,69900.0,1
6058.0,0.0,34.170635,-118.370384,180.20811,15.6463995,69724.0,34.168835,-118.37043,69660.0,2
6057.0,0.0,34.253765,-118.40898,318.72794,7.063232,69724.0,34.254143,-118.40923,69540.0,2
9566.0,0.0,34.02474,-118.2197,5.109229,3.1292799,69725.0,34.024555,-118.21966,69780.0,1
9561.0,0.0,34.036564,-118.260284,214.0,28.163519,69725.0,34.03397,-118.26354,69660.0,1
6052.0,0.0,34.23583,-118.52289,263.03622,0.044704,69726.0,34.235806,-118.52349,69840.0,2
9575.0,0.0,34.04272,-118.45864,242.14325,10.237216,69724.0,34.04084,-118.46309,69300.0,2
6065.0,0.0,34.15067,-118.25512,179.52281,5.1409597,69721.0,34.15147,-118.25518,69420.0,1
6064.0,0.0,33.930874,-118.18334,18.540232,3.486912,69725.0,33.930958,-118.18326,69720.0,1
9573.0,0.0,34.0369,-118.47624,45.586395,7.59968,69725.0,34.044136,-118.4672,69960.0,2
6068.0,0.0,34.07873,-118.32733,179.61267,8.136128,69724.0,34.079086,-118.32742,69480.0,1
9578.0,0.0,34.10029,-118.291664,359.90305,0.0,69726.0,34.09985,-118.2916,70440.0,1
9571.0,0.0,34.07919,-118.26868,121.012085,0.044704,69720.0,34.079277,-118.26885,69900.0,1
9572.0,0.0,34.080727,-118.39052,231.67706,12.383008,69723.0,34.07743,-118.39553,69780.0,2
9570.0,0.0,34.166542,-118.44866,359.70343,10.997184,69725.0,34.168346,-118.44855,69540.0,2
6062.0,0.0,33.94323,-118.25424,90.37336,5.1409597,69726.0,33.94318,-118.25432,69720.0,1
1609.0,0.0,33.92766,-118.281784,272.43622,0.0,69724.0,33.927776,-118.28184,70200.0,1
1606.0,0.0,34.039425,-118.259125,36.917786,0.44704,69721.0,34.041492,-118.25665,69720.0,2
1605.0,0.0,33.916805,-118.168884,359.7638,0.44704,69725.0,33.916813,-118.16877,69480.0,1
19500.0,0.0,34.189003,-118.5933,0.0,18.77568,69725.0,34.252068,-118.59933,68880.0,1
9586.0,0.0,34.064064,-118.37027,217.89375,13.321792,69724.0,34.067184,-118.38427,70200.0,2
9587.0,0.0,34.09077,-118.29202,89.89984,0.0,69724.0,34.09077,-118.29203,69780.0,1
6078.0,0.0,33.938915,-118.24628,180.04935,11.3548155,69725.0,33.93803,-118.24636,69240.0,2
9585.0,0.0,34.090763,-118.357475,90.52031,30.39872,69720.0,34.090687,-118.35758,69720.0,1
6077.0,0.0,33.957836,-118.265205,180.05481,8.136128,69724.0,33.956287,-118.265274,69660.0,2
6072.0,0.0,34.03709,-118.368835,177.55052,14.126464,69726.0,34.035767,-118.369415,69720.0,2
9583.0,0.0,34.061634,-118.30069,89.651924,5.006848,69725.0,34.061626,-118.3002,69360.0,2
6071.0,0.0,33.937172,-118.35274,179.79994,11.533631,69724.0,33.93361,-118.35275,69840.0,2
9580.0,0.0,34.082024,-118.29159,359.8047,0.89408,69726.0,34.082058,-118.29156,69780.0,1
6074.0,0.0,33.927418,-118.26511,288.0,0.89408,69726.0,33.92773,-118.265015,70440.0,1
6073.0,0.0,34.216545,-118.39658,179.98753,10.684256,69725.0,34.215458,-118.38795,69780.0,2
1612.0,0.0,34.0263,-118.37079,152.0,0.0,69726.0,34.026184,-118.37092,70380.0,1
19508.0,0.0,34.229874,-118.597244,359.84982,16.98752,69725.0,34.23613,-118.59719,69660.0,2
19509.0,0.0,34.180534,-118.45049,89.939125,11.62304,69720.0,34.180504,-118.44784,69600.0,2
19504.0,0.0,34.168526,-118.39739,270.002,4.4704,69725.0,34.16857,-118.3973,69840.0,1
1617.0,0.0,34.145824,-118.146255,269.55243,8.49376,69725.0,34.145927,-118.14779,69360.0,2
19503.0,0.0,34.25238,-118.59899,154.98045,0.0,69722.0,34.252068,-118.59933,69900.0,1
1615.0,0.0,34.14215,-118.22275,297.43338,7.15264,69724.0,34.142178,-118.222725,69780.0,1
19505.0,0.0,34.168472,-118.37835,359.5793,0.0,69725.0,34.168465,-118.37799,70200.0,1
1614.0,0.0,34.29639,-118.429924,318.85965,3.4422078,69725.0,34.296394,-118.42975,69660.0,1
6087.0,0.0,34.06311,-118.30846,90.3897,0.0,69723.0,34.06303,-118.30844,70200.0,1
6089.0,0.0,34.065945,-118.376335,178.48984,0.0,69725.0,34.064926,-118.37634,69840.0,2
19513.0,0.0,34.186,-118.499306,86.81433,13.4112,69720.0,34.18619,-118.48286,69900.0,2
6081.0,0.0,33.94524,-118.26507,0.031043313,0.44704,69725.0,33.945423,-118.265,69300.0,1
9593.0,0.0,34.036552,-118.24951,317.72433,10.639551,69726.0,34.037376,-118.250015,69780.0,2
9594.0,0.0,34.037014,-118.43515,325.35928,3.8445442,69724.0,34.03738,-118.43526,69540.0,1
6082.0,0.0,33.912315,-118.20918,176.77217,20.563839,69725.0,33.9124,-118.20919,69720.0,1
6085.0,0.0,34.00042,-118.24776,0.021600697,12.74064,69724.0,34.002056,-118.247604,69780.0,2
1624.0,0.0,34.10161,-118.31845,89.51353,0.0,69726.0,34.101562,-118.31816,69060.0,1
1623.0,0.0,34.19189,-118.13911,111.289795,13.321792,69725.0,34.190033,-118.13151,70020.0,2
1620.0,0.0,34.208286,-118.38772,359.95316,0.44704,69726.0,34.208336,-118.38763,69600.0,1
1629.0,0.0,33.97532,-118.29162,179.75227,1.34112,69725.0,33.9743,-118.291756,69480.0,2
19515.0,0.0,34.168457,-118.4056,89.99207,0.0,69725.0,34.16847,-118.395676,69540.0,2
1628.0,0.0,34.293625,-118.45118,171.01804,0.44704,69726.0,34.293472,-118.45085,69540.0,1
1626.0,0.0,34.107536,-118.263466,348.41428,9.298431,69724.0,34.108315,-118.263596,69660.0,2
6097.0,0.0,34.027416,-118.28514,269.42487,9.924288,69724.0,34.02553,-118.286865,69780.0,2
6091.0,0.0,34.25736,-118.589096,270.13965,0.44704,69725.0,34.257366,-118.58887,69720.0,1
6093.0,0.0,33.930065,-118.211365,345.51117,32.18688,69725.0,33.930782,-118.2115,69840.0,2
6096.0,0.0,34.045086,-118.25666,307.961,5.36448,69724.0,34.04688,-118.25569,69600.0,2
6095.0,0.0,34.20445,-118.3366,299.86746,8.851392,69724.0,34.204964,-118.33743,69720.0,2
1635.0,0.0,33.967155,-118.30909,180.12125,12.96416,69722.0,33.96745,-118.30913,69720.0,1
1634.0,0.0,33.869247,-118.2871,229.24854,0.0,69541.0,33.86934,-118.28731,70200.0,1
1632.0,0.0,33.895992,-118.22862,269.39267,0.044704,69721.0,33.896072,-118.228546,69660.0,1
1639.0,0.0,33.92766,-118.00855,254.37495,13.008864,69725.0,33.9276,-118.00894,69720.0,1
1645.0,0.0,34.17252,-118.550896,92.392,7.9573116,69720.0,34.172455,-118.55023,69720.0,2
1644.0,0.0,33.946636,-118.39606,359.0,8.985504,69724.0,33.95025,-118.39255,70200.0,1
1640.0,0.0,34.114727,-118.24622,229.61589,9.298431,69725.0,34.11232,-118.24926,69300.0,2
1648.0,0.0,34.276848,-118.385635,138.7127,4.828032,69720.0,34.27978,-118.383095,69840.0,2
1657.0,0.0,34.23525,-118.440636,90.90468,0.0,69721.0,34.235195,-118.44057,69360.0,1
1650.0,0.0,33.895878,-118.22885,89.41571,0.44704,69724.0,33.89582,-118.228455,69780.0,1
1670.0,0.0,34.05419,-118.24336,217.83156,10.326624,69726.0,34.051033,-118.246346,69660.0,2
1667.0,0.0,34.21606,-118.38787,180.197,0.0,69726.0,34.215458,-118.38795,69360.0,2
1666.0,0.0,34.208797,-118.4487,359.82117,5.051552,69725.0,34.209984,-118.44861,69900.0,2
1664.0,0.0,34.16267,-118.373245,333.516,0.0,69726.0,34.165165,-118.37458,69600.0,2
1662.0,0.0,34.157944,-118.44881,179.95587,4.8727355,69725.0,34.15492,-118.448814,69660.0,2
1682.0,0.0,33.869072,-118.28763,238.3,0.0,69726.0,33.86934,-118.28731,69720.0,1
1680.0,0.0,34.133415,-118.25194,7.57781,5.81152,69721.0,34.13379,-118.25178,69720.0,1
1679.0,0.0,34.034336,-118.26356,213.56743,0.0,69720.0,34.034367,-118.26359,69660.0,1
3858.0,0.0,33.968277,-118.350174,230.79697,8.985504,69720.0,33.968273,-118.350296,69600.0,2
1678.0,0.0,33.98999,-118.25655,179.96114,0.0,69726.0,33.989025,-118.25663,69720.0,2
1675.0,0.0,34.142803,-118.249275,210.3317,0.0,69725.0,34.142822,-118.24935,69540.0,1
3850.0,0.0,34.037014,-118.14606,143.17815,0.0,69721.0,34.036957,-118.14612,69780.0,1
3852.0,0.0,34.003956,-118.26125,269.74734,10.237216,69720.0,34.004017,-118.26572,68640.0,2
3855.0,0.0,34.10046,-118.291794,359.8907,6.3479676,69721.0,34.10191,-118.29312,69720.0,2
3857.0,0.0,34.03786,-118.29164,179.83176,0.0,69726.0,34.034645,-118.29164,70260.0,2
1693.0,0.0,34.168953,-118.37583,88.57259,0.0,69724.0,34.16883,-118.3753,69660.0,1
1691.0,0.0,34.163944,-118.52212,179.89392,0.0,69725.0,34.16397,-118.5221,70080.0,1
1690.0,0.0,33.926666,-118.32662,179.90472,0.0,69724.0,33.925285,-118.32664,69600.0,2
1689.0,0.0,33.953365,-118.35246,5.5440125,0.044704,69721.0,33.952976,-118.35247,69780.0,1
1687.0,0.0,34.04417,-118.24376,306.3334,0.044704,69722.0,34.044167,-118.24363,69660.0,1
1684.0,0.0,34.08356,-118.22285,227.79124,9.566656,69726.0,34.064598,-118.23874,69780.0,2
1683.0,0.0,34.006393,-118.3346,157.24455,13.053568,69724.0,34.005444,-118.333984,69840.0,2
3861.0,0.0,33.945133,-118.37844,0.097485185,0.0,69724.0,33.96205,-118.37348,69960.0,2
3862.0,0.0,33.9635,-118.22295,7.3629746,0.44704,69723.0,33.963455,-118.22297,70740.0,1
3865.0,0.0,34.059696,-118.24872,60.02031,14.260575,69726.0,34.059586,-118.24866,69540.0,1
3867.0,0.0,33.98784,-118.39392,91.37274,5.36448,69724.0,33.98693,-118.38693,69540.0,2
3880.0,0.0,34.00391,-118.244576,89.673416,2.68224,69726.0,34.00379,-118.243576,69300.0,2
3882.0,0.0,34.02573,-118.27054,298.53983,0.44704,69724.0,34.02581,-118.27053,69360.0,1
1699.0,0.0,34.225784,-118.43287,172.40552,12.874751,69722.0,34.226204,-118.43302,69180.0,1
1697.0,0.0,34.06513,-118.376526,106.63365,0.0,69556.0,34.063587,-118.36797,69600.0,2
1695.0,0.0,34.193836,-118.49953,90.0502,13.947648,69725.0,34.193775,-118.49909,69600.0,1
1694.0,0.0,34.168983,-118.3964,0.0046251686,0.0,69725.0,34.168957,-118.396324,69780.0,1
3876.0,0.0,34.023285,-118.230125,182.8511,12.830049,69726.0,34.021275,-118.23034,69780.0,2
3879.0,0.0,34.046104,-118.254654,127.96112,0.0,69724.0,34.045227,-118.25364,69720.0,2
3892.0,0.0,34.055027,-118.18492,82.75299,9.61136,69724.0,34.055363,-118.183395,69180.0,2
3884.0,0.0,34.06199,-118.24678,25.616476,0.0,69725.0,34.062107,-118.24644,69780.0,1
3887.0,0.0,33.86764,-118.24882,179.63077,2.8163521,69722.0,33.86778,-118.24882,69420.0,1
3888.0,0.0,34.037,-118.0865,65.14262,0.0,69721.0,34.036976,-118.086464,69540.0,1
3889.0,0.0,34.05058,-118.23584,275.28616,0.0,69723.0,34.050545,-118.23529,69780.0,1
3895.0,0.0,33.989025,-118.31982,89.47904,0.44704,69725.0,33.98898,-118.31977,69720.0,1
3897.0,0.0,34.271507,-118.427986,138.26875,20.1168,69724.0,34.27175,-118.42834,69540.0,1
3898.0,0.0,34.192963,-118.34906,210.39357,9.074911,69726.0,34.192154,-118.34867,69720.0,2
5608.0,0.0,34.204723,-118.225586,209.02155,0.0,69721.0,34.20484,-118.22551,69780.0,1
5602.0,0.0,34.03244,-118.26842,27.88208,1.385824,69720.0,34.03245,-118.26828,69840.0,1
5605.0,0.0,34.003857,-118.33233,133.54533,3.7551358,69722.0,34.003223,-118.33178,69780.0,2
5620.0,0.0,34.074554,-118.37838,333.23166,0.0,69726.0,34.074825,-118.37839,69900.0,1
5619.0,0.0,34.03531,-118.36907,203.0,2.2352,69723.0,34.035275,-118.36907,70260.0,1
5610.0,0.0,34.132847,-118.05054,281.29782,0.0,69724.0,34.132874,-118.050514,69720.0,1
5611.0,0.0,33.950596,-118.17689,100.264534,13.277088,69725.0,33.95045,-118.17614,69960.0,2
5612.0,0.0,33.94534,-118.33476,89.97564,0.44704,69724.0,33.945354,-118.33481,69660.0,1
5614.0,0.0,34.09072,-118.330826,90.0,8.672576,69719.0,34.101868,-118.29259,71100.0,1
5615.0,0.0,34.040363,-118.34786,102.94461,0.044704,69722.0,34.040314,-118.34776,69720.0,1
5630.0,0.0,33.849842,-118.1427,179.5063,0.0,69725.0,33.849957,-118.14267,69540.0,1
5622.0,0.0,33.868027,-118.35772,90.64823,0.044704,69721.0,33.86818,-118.35722,70860.0,1
5623.0,0.0,34.112442,-118.172005,287.92154,12.4277115,69722.0,34.11236,-118.17082,69600.0,1
5624.0,0.0,34.032654,-118.2999,89.77006,0.44704,69724.0,34.03264,-118.29999,69660.0,1
5632.0,0.0,33.98345,-118.0968,32.2888,13.85824,69725.0,33.983356,-118.09678,69780.0,1
5634.0,0.0,34.072033,-118.04429,68.26306,0.0,69677.0,34.072197,-118.04513,70260.0,1
5635.0,0.0,33.91437,-118.13954,33.5513,13.4112,69726.0,33.916718,-118.13773,69600.0,2
5636.0,0.0,34.148697,-118.080124,270.609,0.89408,69724.0,34.14845,-118.08092,70560.0,1
5637.0,0.0,34.072216,-118.46734,126.1134,5.409184,69726.0,34.072186,-118.46751,69960.0,1
5638.0,0.0,34.05806,-118.362236,280.68274,0.44704,69725.0,34.058285,-118.36362,69840.0,2
5651.0,0.0,34.047325,-118.289185,269.69586,6.92912,69720.0,34.0474,-118.28895,69240.0,1
5643.0,0.0,34.07621,-118.3612,269.65454,0.44704,69725.0,34.076237,-118.361206,69540.0,1
5646.0,0.0,34.0398,-118.2839,297.55115,16.98752,69725.0,34.039803,-118.28362,69600.0,1
5648.0,0.0,34.03867,-118.5548,269.57175,0.0,69725.0,34.03872,-118.55632,69780.0,2
5660.0,0.0,33.77884,-118.38147,287.25775,13.768831,69723.0,33.77918,-118.38472,69600.0,2
5662.0,0.0,34.267204,-118.46713,1.5733262,11.2654085,69726.0,34.26793,-118.467026,69600.0,2
5656.0,0.0,34.06714,-118.406265,270.03503,11.62304,69725.0,34.06722,-118.40763,69900.0,2
5658.0,0.0,34.115868,-118.18229,113.335526,0.0,69723.0,34.115814,-118.182396,70200.0,1
5671.0,0.0,34.043293,-118.26094,306.75705,0.89408,69724.0,34.043224,-118.26068,69780.0,1
5672.0,0.0,34.02383,-118.274,207.79173,7.8231997,69726.0,34.023552,-118.27431,69720.0,1
8700.0,0.0,33.982727,-118.291466,0.08669002,7.420864,69725.0,33.982437,-118.29131,69720.0,1
5674.0,0.0,33.98314,-118.1626,187.50279,10.192512,69725.0,33.98329,-118.162605,69420.0,1
5675.0,0.0,34.06693,-118.25491,288.36615,5.81152,69725.0,34.066956,-118.25476,69660.0,1
5666.0,0.0,34.13866,-118.18632,57.114952,9.566656,69725.0,34.140602,-118.18266,69720.0,2
5668.0,0.0,33.960106,-118.28694,269.49045,0.0,69546.0,33.960194,-118.28684,69480.0,1
5669.0,0.0,33.915867,-118.27395,0.39230448,10.818368,69724.0,33.916553,-118.274254,69360.0,2
5681.0,0.0,33.961956,-118.3534,179.36182,0.0,69724.0,33.959843,-118.352684,69660.0,2
5684.0,0.0,34.113384,-118.2783,80.60129,0.0,69720.0,34.113667,-118.27706,69420.0,2
5685.0,0.0,34.146297,-118.25173,89.30318,0.0,69721.0,34.146214,-118.249886,69540.0,2
5686.0,0.0,34.020203,-118.281,27.75456,7.59968,69726.0,34.02169,-118.279755,69600.0,2
8709.0,0.0,34.26341,-118.42566,48.36947,0.357632,69722.0,34.26339,-118.42558,69480.0,1
5676.0,0.0,34.145897,-118.11758,89.830185,11.62304,69638.0,34.14572,-118.115715,69660.0,2
5677.0,0.0,33.90231,-118.05557,89.6739,0.0,69724.0,33.902275,-118.05496,69180.0,2
5678.0,0.0,33.988907,-118.27822,359.77423,0.0,69721.0,33.988865,-118.27813,69420.0,1
5679.0,0.0,34.034332,-118.26194,33.81854,14.752319,69720.0,34.036144,-118.26034,69660.0,2
8702.0,0.0,34.01507,-118.30891,0.09243048,10.192512,69721.0,34.014473,-118.30875,69300.0,1
8707.0,0.0,34.104843,-118.30939,179.0,0.0,69721.0,34.10441,-118.30943,70500.0,1
8708.0,0.0,33.930885,-118.32257,90.05771,13.321792,69724.0,33.930847,-118.31794,69480.0,2
8705.0,0.0,33.99728,-118.30901,180.03146,11.176,69724.0,33.997112,-118.30907,69540.0,1
8706.0,0.0,34.08603,-118.291855,179.7971,0.0,69726.0,34.085957,-118.29187,69300.0,1
5690.0,0.0,34.101852,-118.29228,268.28378,0.0,69724.0,34.101868,-118.29259,69900.0,1
5691.0,0.0,34.003635,-118.31844,89.66061,2.0563838,69721.0,34.003582,-118.318375,69480.0,2
8721.0,0.0,34.04489,-118.46666,225.70657,10.863071,69725.0,34.044075,-118.46771,69660.0,2
8712.0,0.0,33.923954,-118.291824,178.92682,0.357632,69721.0,33.924355,-118.292,68880.0,1
8713.0,0.0,33.85862,-118.27989,5.0,16.98752,69724.0,34.10441,-118.30943,72840.0,1
8718.0,0.0,34.039516,-118.23991,3.4479995,0.44704,69725.0,34.0392,-118.239784,69720.0,1
10003.0,0.0,33.846176,-118.28609,181.30597,4.91744,69600.0,33.83127,-118.28758,69660.0,2
8716.0,0.0,34.06226,-118.34782,91.340775,7.5102715,69725.0,34.06216,-118.34634,69780.0,2
8717.0,0.0,34.185806,-118.448654,0.014396091,9.119616,69725.0,34.18695,-118.44851,69720.0,2
8725.0,0.0,34.293446,-118.45027,171.01804,0.0,69726.0,34.293472,-118.45085,71100.0,1
5699.0,0.0,33.97608,-118.16948,97.35661,17.613377,69726.0,33.975407,-118.16392,69840.0,2
8726.0,0.0,34.293343,-118.45012,171.01804,0.0,69723.0,34.293472,-118.45085,69120.0,1
8728.0,0.0,34.066975,-118.411606,90.04126,10.147808,69724.0,34.066967,-118.41121,69060.0,1
8743.0,0.0,34.039364,-118.24079,126.76349,2.68224,69610.0,34.039356,-118.240746,69540.0,1
8741.0,0.0,34.15195,-118.455284,101.38735,6.8844156,69722.0,34.151306,-118.44855,69900.0,2
8742.0,0.0,34.077457,-118.2639,79.12594,13.4112,69725.0,34.077442,-118.26377,69120.0,1
8736.0,0.0,34.05833,-118.27627,318.28995,10.237216,69725.0,34.061935,-118.2913,69960.0,2
8735.0,0.0,34.0588,-118.44341,72.47346,0.0,69722.0,34.058758,-118.44353,69720.0,1
8738.0,0.0,34.06735,-118.41843,279.18222,11.667744,69721.0,34.067135,-118.42869,69780.0,2
8751.0,0.0,34.049156,-118.43938,251.0663,0.0,69725.0,34.049046,-118.44079,69780.0,2
8755.0,0.0,34.035076,-118.435295,258.2402,0.0,69724.0,34.0352,-118.434616,70320.0,1
8753.0,0.0,34.26304,-118.42625,48.64983,11.84656,69654.0,34.266376,-118.42219,69780.0,2
8747.0,0.0,34.07744,-118.26417,79.12594,19.22272,69725.0,34.077442,-118.26377,69540.0,1
8748.0,0.0,34.09713,-118.47844,301.27408,11.667744,69720.0,34.115227,-118.4825,69720.0,2
8761.0,0.0,34.017254,-118.48891,135.50356,0.89408,69726.0,34.013885,-118.4902,70260.0,2
6100.0,0.0,34.018356,-118.29029,270.33682,7.8231997,69724.0,34.018475,-118.29186,69420.0,2
8765.0,0.0,34.0194,-118.19993,117.37637,11.62304,69726.0,34.019028,-118.19921,69540.0,2
6102.0,0.0,33.960094,-118.25013,90.204185,12.606528,69725.0,33.960026,-118.24701,69720.0,2
8763.0,0.0,34.06202,-118.33147,271.4046,5.096256,69721.0,34.06242,-118.34633,69900.0,2
6104.0,0.0,33.970997,-118.1776,7.373307,8.9408,69554.0,33.969482,-118.17766,68760.0,1
6103.0,0.0,33.9755,-118.22511,0.3702618,0.044704,69721.0,33.97552,-118.225006,69180.0,1
8758.0,0.0,34.184162,-118.44883,180.0139,14.126464,69720.0,34.181084,-118.44881,69660.0,2
8757.0,0.0,34.115364,-118.48275,183.80373,9.61136,69726.0,34.115227,-118.48279,69420.0,1
6115.0,0.0,33.899357,-118.35238,359.92578,12.919456,69726.0,33.902416,-118.35223,69600.0,2
8774.0,0.0,34.217777,-118.44869,0.1366923,11.176,69725.0,34.218227,-118.4486,69540.0,2
8775.0,0.0,34.258724,-118.43209,48.729084,6.4373755,69721.0,34.258595,-118.43216,69960.0,1
8769.0,0.0,34.151276,-118.44872,179.93361,0.0,69724.0,34.150646,-118.447975,69720.0,2
8767.0,0.0,34.266304,-118.42196,228.69974,10.326624,69720.0,34.26589,-118.42264,69600.0,2
6108.0,0.0,34.046215,-118.327675,204.27586,11.488928,69719.0,34.047565,-118.32703,69660.0,1
8768.0,0.0,34.057705,-118.30798,270.0,7.59968,69576.0,34.057762,-118.30874,70320.0,1
8783.0,0.0,34.017086,-118.48868,135.50356,0.0,69724.0,34.013885,-118.4902,69660.0,2
6120.0,0.0,33.977978,-118.18714,97.26349,8.761984,69722.0,33.977856,-118.186646,68340.0,2
8784.0,0.0,34.01816,-118.49308,225.15364,8.9408,69254.0,34.01494,-118.493904,69420.0,2
6122.0,0.0,34.236347,-118.59825,134.98506,0.0,69725.0,34.236107,-118.59887,69720.0,1
8782.0,0.0,34.274124,-118.41129,228.56747,0.0,69721.0,34.27415,-118.41128,69960.0,1
8787.0,0.0,34.05652,-118.2428,38.02623,0.044704,69726.0,34.056942,-118.24221,69840.0,2
8788.0,0.0,34.233734,-118.45037,180.05627,11.62304,69572.0,34.23193,-118.4504,69780.0,2
6126.0,0.0,33.888596,-118.35279,179.7601,11.935968,69725.0,33.887596,-118.35286,68940.0,2
6125.0,0.0,33.942,-118.18593,97.66915,0.44704,69724.0,33.941914,-118.18592,69840.0,1
6116.0,0.0,33.9456,-118.28734,269.74985,0.44704,69726.0,33.945652,-118.287254,69600.0,1
6119.0,0.0,33.920105,-118.14446,123.9687,15.154656,69726.0,33.919556,-118.14364,69780.0,2
8779.0,0.0,33.960335,-118.30909,179.85562,0.0,69724.0,33.959747,-118.30911,69480.0,2
6118.0,0.0,34.146,-118.114235,89.570724,8.583168,69724.0,34.14627,-118.11301,68100.0,2
6130.0,0.0,33.917156,-118.11791,269.84818,12.025375,69724.0,33.9172,-118.11699,69360.0,1
6132.0,0.0,33.929108,-118.23475,93.80211,11.041888,69721.0,33.92905,-118.233734,69300.0,2
8799.0,0.0,34.054718,-118.263824,116.90819,11.667744,69724.0,34.04877,-118.255486,69840.0,2
6134.0,0.0,34.047707,-118.34467,16.79482,0.0,69724.0,34.047646,-118.34458,69780.0,1
6137.0,0.0,34.293705,-118.45132,171.01804,0.0,69725.0,34.293472,-118.45085,70500.0,1
6136.0,0.0,34.31366,-118.4194,136.13602,7.3761597,69722.0,34.31353,-118.41935,69480.0,1
8797.0,0.0,34.072132,-118.40293,50.385468,20.1168,69725.0,34.07316,-118.40127,70020.0,2
8790.0,0.0,34.052666,-118.27277,298.64786,6.2138557,69724.0,34.052513,-118.27233,69660.0,1
8791.0,0.0,34.104435,-118.309364,179.91731,0.0,69725.0,34.10441,-118.30943,69780.0,1
6127.0,0.0,34.104145,-118.32993,158.54909,0.44704,69725.0,34.104454,-118.33012,72900.0,1
8789.0,0.0,34.099983,-118.29188,179.50975,0.044704,69721.0,34.09929,-118.291916,69900.0,1
6142.0,0.0,34.21571,-118.388306,90.12547,9.343136,69724.0,34.21924,-118.38763,69660.0,2
6141.0,0.0,34.138557,-118.362785,135.80092,3.6210241,69721.0,34.13905,-118.363174,69780.0,2
6144.0,0.0,33.984955,-118.39987,322.91415,0.0,69725.0,33.98496,-118.39983,70440.0,1
6145.0,0.0,33.981556,-118.45984,234.97717,0.0,69725.0,33.98113,-118.45994,68940.0,2
6148.0,0.0,33.96916,-118.17812,97.51162,3.57632,69726.0,33.969124,-118.17809,69720.0,1
6140.0,0.0,33.928413,-118.29154,359.04852,0.0,69724.0,33.928288,-118.29141,69780.0,1
8347.0,0.0,33.9889,-118.462616,55.068565,0.44704,69725.0,33.988796,-118.46234,69600.0,1
1701.0,0.0,34.168705,-118.60932,272.54922,14.797023,69725.0,34.16884,-118.61003,69540.0,2
1709.0,0.0,34.013012,-118.1415,100.0,8.180832,69726.0,34.00656,-118.12493,70620.0,1
1708.0,0.0,34.005947,-118.12499,22.614422,4.4704,69725.0,34.00656,-118.12493,69420.0,2
1705.0,0.0,34.03037,-118.24526,205.7355,26.375359,69725.0,34.03037,-118.245285,69780.0,1
1702.0,0.0,34.062565,-118.281815,118.321884,7.420864,69724.0,34.062412,-118.28153,69840.0,1
8358.0,0.0,34.034782,-118.28393,359.5091,1.475232,69721.0,34.034676,-118.28383,69240.0,1
8359.0,0.0,34.133644,-118.20747,102.63209,8.9408,69720.0,34.133465,-118.20712,69600.0,2
8350.0,0.0,34.087822,-118.22391,185.84253,0.0,69725.0,34.087013,-118.223755,69840.0,2
1710.0,0.0,34.02668,-118.19831,298.19168,3.889248,69726.0,34.02675,-118.19827,69480.0,1
1717.0,0.0,34.006477,-118.12474,21.602089,0.44704,69725.0,34.00656,-118.12493,69720.0,1
1716.0,0.0,34.04298,-118.24187,306.39758,8.9408,69725.0,34.043026,-118.24176,69780.0,1
1715.0,0.0,34.114418,-118.24643,44.66328,12.383008,69726.0,34.11466,-118.245926,69660.0,2
1714.0,0.0,34.014324,-118.13023,193.67062,0.44704,69724.0,34.014362,-118.13025,69420.0,1
8366.0,0.0,34.05374,-118.23098,109.20249,13.500608,69726.0,34.05567,-118.21097,69600.0,2
8369.0,0.0,34.03047,-118.27448,27.974388,9.566656,69724.0,34.030964,-118.27404,69900.0,2
8362.0,0.0,33.72479,-118.28808,180.17879,0.0,69722.0,33.724934,-118.28813,70380.0,1
1723.0,0.0,34.123684,-118.26836,237.63148,0.44704,69724.0,34.123714,-118.268394,69720.0,1
1722.0,0.0,33.82396,-118.07224,89.53666,0.0,69725.0,33.823986,-118.07226,71100.0,1
3903.0,0.0,34.22724,-118.4676,0.34832352,7.778496,69724.0,34.227985,-118.46747,69780.0,2
3906.0,0.0,34.14421,-118.39401,118.80416,0.0,69724.0,34.144295,-118.39428,71520.0,1
3907.0,0.0,34.05701,-118.275024,208.22331,0.0,69723.0,34.056957,-118.27507,69900.0,1
3909.0,0.0,34.045074,-118.26388,37.902813,8.806688,69721.0,34.04513,-118.26365,69480.0,1
1729.0,0.0,34.202938,-118.62957,180.21788,0.0,69726.0,34.20251,-118.62956,69960.0,1
1726.0,0.0,34.142776,-118.25511,179.894,0.044704,69726.0,34.142365,-118.25514,69840.0,1
1725.0,0.0,34.17222,-118.4446,269.97028,0.0,69724.0,34.17226,-118.44466,69360.0,1
3900.0,0.0,33.987293,-118.187935,96.75267,0.0,69726.0,33.987263,-118.18796,69300.0,1
3901.0,0.0,34.201164,-118.37166,89.967186,10.7736635,69725.0,34.20093,-118.370445,69180.0,2
8376.0,0.0,34.055756,-118.21776,247.61023,18.283936,69721.0,34.053944,-118.23245,69540.0,2
8373.0,0.0,33.960247,-118.243324,269.9206,8.9408,69726.0,33.96028,-118.24315,69720.0,1
3913.0,0.0,34.078022,-118.4392,325.2623,0.0,69726.0,34.07765,-118.43889,69660.0,1
1734.0,0.0,34.168888,-118.37482,270.0,4.4704,69696.0,34.16883,-118.3753,71160.0,1
1733.0,0.0,34.086212,-118.186745,89.73126,0.44704,69723.0,34.086197,-118.186874,70440.0,1
3914.0,0.0,33.92771,-118.282036,311.0,26.375359,69724.0,33.927776,-118.28184,69720.0,1
3915.0,0.0,33.916927,-118.07254,359.4394,0.0,69724.0,33.917603,-118.07243,69660.0,2
1731.0,0.0,34.06166,-118.308334,89.66769,0.0,69724.0,34.06158,-118.30858,69780.0,1
1730.0,0.0,34.1794,-118.31561,39.33689,11.39952,69724.0,34.181576,-118.312675,69900.0,2
1736.0,0.0,34.238506,-118.588684,179.88036,0.44704,69725.0,34.2379,-118.58879,69660.0,2
3911.0,0.0,34.063667,-118.29526,269.64865,0.0,69720.0,34.063705,-118.295235,69720.0,1
1735.0,0.0,34.17755,-118.307236,131.77686,0.0,69721.0,34.17722,-118.30742,67440.0,2
8387.0,0.0,33.929535,-118.28056,21.03746,7.644384,69724.0,33.9598,-118.280556,69960.0,2
8386.0,0.0,34.04983,-118.25714,127.374146,0.44704,69724.0,34.049896,-118.257225,69480.0,1
8389.0,0.0,34.0725,-118.04457,269.9739,0.44704,69724.0,34.07219,-118.045135,70500.0,1
8383.0,0.0,33.869415,-118.28694,91.38985,0.0,69726.0,33.86934,-118.28731,70080.0,1
8384.0,0.0,33.987343,-118.22533,179.77827,0.0,69726.0,33.987366,-118.22535,69540.0,1
1745.0,0.0,34.05732,-118.27455,299.2302,10.72896,69688.0,34.057995,-118.2756,69540.0,2
3926.0,0.0,34.13999,-118.21922,104.005356,0.044704,69721.0,34.13984,-118.21878,69660.0,1
1742.0,0.0,33.97822,-118.256355,359.8395,0.89408,69725.0,33.978275,-118.25627,69480.0,1
3927.0,0.0,34.01948,-118.209175,118.36359,14.260575,69726.0,34.018627,-118.20695,69660.0,2
3928.0,0.0,34.023876,-118.1797,90.14198,0.44704,69726.0,34.023804,-118.17981,69780.0,1
1741.0,0.0,33.993465,-118.27842,179.77017,0.0,69726.0,33.993507,-118.27846,69720.0,1
3929.0,0.0,34.320625,-118.447334,313.10318,16.09344,69724.0,34.321217,-118.44786,69180.0,2
1749.0,0.0,34.221275,-118.504616,269.06134,10.72896,69692.0,34.221306,-118.50536,69120.0,2
3921.0,0.0,34.084408,-118.38177,248.38312,0.0,69723.0,34.084957,-118.38162,69960.0,1
1748.0,0.0,33.886703,-118.160194,179.5418,0.0,69721.0,33.88714,-118.16021,71280.0,1
3922.0,0.0,33.92553,-118.25427,0.57549506,12.695935,69725.0,33.928104,-118.23798,69960.0,2
1747.0,0.0,33.829666,-118.35215,352.07758,18.373343,69726.0,33.832333,-118.35258,69600.0,2
3923.0,0.0,34.056137,-118.267334,28.032782,3.710432,69725.0,34.05532,-118.26546,70080.0,2
8398.0,0.0,34.048744,-118.258934,217.53307,5.2303677,69724.0,34.048546,-118.25906,69660.0,1
8399.0,0.0,34.072613,-118.04794,278.78137,14.037056,69722.0,34.06284,-118.16799,70140.0,2
8397.0,0.0,33.73899,-118.28795,180.26555,4.068064,69724.0,33.738003,-118.28806,69540.0,2
8394.0,0.0,33.91458,-118.28654,191.70328,27.582367,69724.0,33.902027,-118.28683,69540.0,2
3935.0,0.0,34.040447,-118.20257,118.25361,0.0,69725.0,34.040405,-118.20258,69720.0,1
1754.0,0.0,34.185646,-118.30972,131.47232,0.044704,69720.0,34.18538,-118.309425,69480.0,1
1752.0,0.0,34.18676,-118.44872,269.87332,6.2138557,69725.0,34.186802,-118.448425,69720.0,1
3939.0,0.0,34.076256,-118.30286,89.68493,8.449056,69724.0,34.076168,-118.30056,70020.0,2
1751.0,0.0,34.187214,-118.62348,179.8678,9.83488,69725.0,34.186703,-118.62358,69600.0,2
3930.0,0.0,34.05115,-118.1889,185.3702,0.0,69724.0,34.051193,-118.1889,69480.0,1
3933.0,0.0,34.1939,-118.54102,270.0893,11.935968,69720.0,34.193977,-118.54455,69360.0,2
3934.0,0.0,34.047325,-118.27026,118.53753,3.3975039,69724.0,34.047302,-118.2703,68760.0,1
1770.0,0.0,33.891315,-118.326454,359.98816,0.44704,69724.0,33.891296,-118.32638,69540.0,1
3946.0,0.0,33.867188,-118.256134,87.94538,0.0,69724.0,33.867123,-118.25717,69540.0,1
1767.0,0.0,34.194016,-118.44467,269.92102,2.771648,69721.0,34.19406,-118.44469,69840.0,1
1766.0,0.0,34.20105,-118.5399,89.80001,12.338304,69725.0,34.20101,-118.53875,69780.0,2
1764.0,0.0,34.19017,-118.38771,0.14937358,6.7056,69724.0,34.190193,-118.38759,69540.0,1
1762.0,0.0,34.186638,-118.555214,269.91238,12.561824,69721.0,34.18671,-118.55854,69720.0,2
1760.0,0.0,34.028755,-118.2032,118.07394,16.09344,69720.0,34.027546,-118.20074,69840.0,2
3945.0,0.0,34.04463,-118.253914,37.54549,6.169152,69724.0,34.044987,-118.25342,69840.0,2
1781.0,0.0,34.193962,-118.47764,269.80545,15.020543,69697.0,34.194046,-118.4791,69420.0,2
3958.0,0.0,34.0979,-118.36633,88.56266,4.380992,69724.0,34.09788,-118.36581,69720.0,1
1777.0,0.0,34.19964,-118.370316,359.95618,14.394688,69725.0,34.201305,-118.37062,69660.0,2
3959.0,0.0,34.033485,-118.23002,359.74158,9.521952,69725.0,34.034695,-118.23101,69720.0,2
1775.0,0.0,34.0459,-118.25454,37.499023,5.1409597,69724.0,34.045696,-118.254524,69600.0,1
1774.0,0.0,33.92767,-118.28218,272.43622,0.44704,69725.0,33.927776,-118.28184,70140.0,1
1773.0,0.0,34.193535,-118.62328,359.91193,0.044704,69726.0,34.194,-118.62322,69840.0,2
1772.0,0.0,34.190536,-118.59716,270.54382,3.4422078,69725.0,34.188477,-118.59781,69780.0,2
3970.0,0.0,34.074265,-118.16536,294.15274,7.9573116,69720.0,34.07417,-118.16487,69420.0,1
1792.0,0.0,33.876785,-118.223564,89.367836,6.7950077,69725.0,33.87598,-118.22283,69720.0,2
1791.0,0.0,33.934383,-118.124916,210.65161,31.292799,69725.0,33.932495,-118.12562,69660.0,2
1790.0,0.0,33.709435,-118.292854,271.31104,5.051552,69726.0,33.707108,-118.29262,69300.0,1
1789.0,0.0,33.79108,-118.28995,270.52374,14.97584,69725.0,33.791134,-118.29202,69480.0,2
1786.0,0.0,33.961826,-118.35586,269.09464,0.44704,69724.0,33.96188,-118.35537,69540.0,1
1785.0,0.0,33.941288,-118.04821,129.17264,7.15264,69724.0,33.941254,-118.048164,69840.0,1
1784.0,0.0,33.958214,-118.44907,39.010986,0.0,69726.0,33.958294,-118.44901,69780.0,1
1782.0,0.0,34.18114,-118.46632,179.84941,0.0,69722.0,34.18146,-118.466324,69780.0,1
3961.0,0.0,34.146774,-118.263695,89.59,0.0,69725.0,34.14669,-118.26398,69960.0,1
3963.0,0.0,34.003963,-118.24235,269.8098,0.0,69725.0,34.00405,-118.24271,69120.0,1
3981.0,0.0,33.98753,-118.18812,276.89148,0.44704,69725.0,33.987534,-118.18808,69780.0,1
3979.0,0.0,34.259636,-118.316734,90.52278,9.83488,69551.0,34.25958,-118.31592,69480.0,2
1799.0,0.0,34.20252,-118.62957,180.0,0.0,69557.0,34.236107,-118.59887,71220.0,1
1798.0,0.0,33.72122,-118.28799,359.44937,10.50544,69724.0,33.72162,-118.28782,69720.0,1
1797.0,0.0,34.18591,-118.60605,179.97058,7.2420483,69713.0,34.182983,-118.60604,69420.0,2
1795.0,0.0,34.00386,-118.29163,179.67757,0.0,69725.0,34.003872,-118.291695,69840.0,1
1794.0,0.0,33.988228,-118.33065,0.22632356,11.131295,69721.0,33.988754,-118.33066,69060.0,2
3971.0,0.0,34.07768,-118.39484,50.25338,11.220704,69720.0,34.080956,-118.3894,69600.0,2
3973.0,0.0,34.22086,-118.44874,0.0827559,5.6774077,69724.0,34.22182,-118.4486,69600.0,2
3975.0,0.0,34.15193,-118.44823,280.2219,0.0,69721.0,34.151714,-118.446815,69900.0,1
3976.0,0.0,34.218178,-118.40936,167.0,25.213057,69724.0,34.16883,-118.3753,69840.0,1
3982.0,0.0,34.016895,-118.34491,307.23636,10.997184,69726.0,34.017796,-118.3462,69660.0,2
3983.0,0.0,34.05489,-118.224236,64.4,11.2654085,69721.0,34.065704,-118.134445,73080.0,1
3984.0,0.0,34.058662,-118.42108,144.34775,0.0,69726.0,34.05862,-118.42104,69660.0,1
3987.0,0.0,34.259796,-118.32137,270.4202,11.84656,69725.0,34.259995,-118.32253,69540.0,2
3988.0,0.0,34.053314,-118.28418,359.61935,9.209024,69721.0,34.052216,-118.284065,69420.0,1
3989.0,0.0,34.033493,-118.264786,35.52066,0.0,69725.0,34.033195,-118.26457,70440.0,1
3995.0,0.0,34.05997,-118.42018,50.51377,4.068064,69724.0,34.06154,-118.41797,70080.0,2
3997.0,0.0,34.20191,-118.62956,186.6,0.0,69725.0,34.20251,-118.62956,68460.0,1
3999.0,0.0,33.94094,-118.2149,165.67729,9.924288,69722.0,33.940125,-118.21467,69660.0,2
5709.0,0.0,33.986343,-118.29156,180.0,4.425696,69725.0,34.09929,-118.291916,72000.0,1
5702.0,0.0,33.92922,-118.37622,270.19052,0.0,69726.0,33.92959,-118.3772,69840.0,1
5704.0,0.0,34.23387,-118.55368,179.9224,10.952479,69724.0,34.230785,-118.55372,69720.0,2
5718.0,0.0,33.97932,-118.32641,240.0885,0.44704,69724.0,33.979416,-118.32631,69720.0,1
5715.0,0.0,33.987724,-118.39473,96.93141,0.044704,69720.0,33.98796,-118.39465,69540.0,2
5716.0,0.0,33.94584,-118.291916,180.07639,0.0,69726.0,33.945232,-118.29204,69420.0,2
5730.0,0.0,34.065598,-118.36137,359.71075,11.578336,69722.0,34.06476,-118.36121,69300.0,1
5729.0,0.0,33.941948,-118.3264,0.1245956,5.185664,69726.0,33.942123,-118.326324,69360.0,1
5721.0,0.0,33.86803,-118.357216,269.42865,0.0,69721.0,33.86818,-118.35722,68280.0,2
5724.0,0.0,34.105225,-118.31988,89.816864,11.578336,69720.0,34.105145,-118.31817,69480.0,2
5725.0,0.0,33.982143,-118.24824,270.3412,0.0,69726.0,33.98219,-118.248085,69720.0,1
5726.0,0.0,34.130688,-118.07335,179.42667,0.0,69724.0,34.13074,-118.07332,69540.0,1
5727.0,0.0,33.98912,-118.330376,269.50043,0.0,69726.0,33.989155,-118.33115,69600.0,2
5740.0,0.0,34.020325,-118.30028,179.78055,9.656064,69725.0,34.01787,-118.30031,69840.0,2
5741.0,0.0,34.066814,-118.34394,0.037912443,4.4704,69724.0,34.06669,-118.343864,69720.0,1
5732.0,0.0,33.915314,-118.10338,359.94125,8.538464,69726.0,33.775455,-118.113525,71040.0,2
5736.0,0.0,34.04871,-118.06421,359.7907,16.808702,69724.0,34.05203,-118.06412,69660.0,2
5738.0,0.0,34.044083,-118.34618,197.54625,3.57632,69726.0,34.042656,-118.346794,69720.0,2
5750.0,0.0,34.039925,-118.3439,271.26895,0.44704,69726.0,34.039963,-118.34379,69180.0,1
5743.0,0.0,33.90087,-118.3262,267.9717,0.0,69723.0,33.9009,-118.32636,69780.0,1
5745.0,0.0,33.99741,-118.35805,172.35011,0.0,69726.0,33.996563,-118.35772,69480.0,2
5748.0,0.0,34.101723,-118.30488,89.69455,9.343136,69725.0,34.10163,-118.30453,69300.0,1
5749.0,0.0,34.052338,-118.06445,179.89807,0.0,69725.0,34.051533,-118.06444,69720.0,2
5761.0,0.0,33.780617,-118.18949,180.02992,11.041888,69725.0,33.77925,-118.189514,69780.0,2
5762.0,0.0,33.93294,-118.35245,359.8343,0.0,69723.0,33.932293,-118.35243,69780.0,1
3101.0,0.0,34.032177,-118.27713,298.91562,11.488928,69725.0,34.032104,-118.27675,69780.0,1
5753.0,0.0,33.986057,-118.4016,51.860176,9.16432,69725.0,33.98618,-118.401306,69420.0,1
5755.0,0.0,34.00202,-118.30902,180.04408,3.1739838,69726.0,34.000217,-118.30907,69900.0,2
5757.0,0.0,33.960762,-118.1104,203.62364,0.0,69725.0,33.96083,-118.11035,69840.0,1
5771.0,0.0,33.99029,-118.29157,179.7162,9.656064,69725.0,33.988876,-118.29161,69840.0,2
5774.0,0.0,34.02152,-118.29163,180.0327,9.656064,69724.0,34.018513,-118.291695,69960.0,2
3110.0,0.0,34.058598,-118.23745,35.63728,0.0,69725.0,34.058426,-118.23747,69660.0,1
3106.0,0.0,34.19506,-118.1829,330.47656,18.999199,69721.0,34.19693,-118.18398,69540.0,2
5764.0,0.0,34.141117,-118.14892,179.48163,0.0,69726.0,34.141335,-118.14893,70260.0,1
5765.0,0.0,34.046585,-118.2521,37.5357,10.237216,69724.0,34.04696,-118.25158,69000.0,2
5781.0,0.0,33.955288,-118.22,332.97018,4.559808,69725.0,33.955925,-118.22027,69480.0,2
5782.0,0.0,33.775146,-118.117905,89.9393,0.0,69722.0,33.7752,-118.118004,69840.0,1
8810.0,0.0,34.0909,-118.300835,269.5574,4.91744,69726.0,34.090954,-118.301094,69360.0,1
5784.0,0.0,34.168686,-118.37476,88.57259,0.044704,69722.0,34.16883,-118.3753,69960.0,1
5785.0,0.0,33.851707,-118.14268,180.67805,21.904959,69726.0,33.849957,-118.14267,69840.0,2
3123.0,0.0,34.145393,-118.26082,357.49777,0.0,69724.0,34.14527,-118.260796,70020.0,1
3120.0,0.0,34.16704,-118.30756,41.17549,7.867904,69724.0,34.1689,-118.305504,69540.0,2
3117.0,0.0,34.056854,-118.27672,207.86687,2.68224,69646.0,34.05674,-118.27718,69540.0,2
3116.0,0.0,34.105453,-118.255516,295.3938,12.07008,69722.0,34.105885,-118.256325,69840.0,2
3115.0,0.0,34.072475,-118.368,278.92053,6.92912,69724.0,34.072784,-118.36983,69360.0,2
3114.0,0.0,34.139046,-118.39354,343.0842,15.556992,69725.0,34.140892,-118.3941,69660.0,2
3113.0,0.0,34.14186,-118.26437,0.11094482,10.237216,69726.0,34.142315,-118.26428,69840.0,2
8802.0,0.0,33.974834,-118.29176,179.75227,0.0,69724.0,33.9743,-118.291756,68940.0,2
5776.0,0.0,34.07943,-118.26911,206.6347,3.1292799,69663.0,34.07936,-118.26915,69660.0,1
5777.0,0.0,34.004135,-118.27406,179.84454,1.34112,69596.0,34.00398,-118.27413,69540.0,1
5778.0,0.0,34.14512,-118.4132,281.4623,0.44704,69724.0,34.14523,-118.41355,69960.0,1
8807.0,0.0,34.033276,-118.26517,213.55856,0.0,69725.0,34.033504,-118.26514,70440.0,1
8805.0,0.0,33.99988,-118.291504,359.80847,8.449056,69724.0,33.99989,-118.29137,69420.0,1
5795.0,0.0,33.87547,-118.20306,345.65536,9.298431,69726.0,33.877136,-118.20344,69660.0,2
5796.0,0.0,34.012085,-118.342514,108.21354,0.044704,69726.0,34.01206,-118.342445,69840.0,1
3134.0,0.0,34.055984,-118.2058,298.04037,5.543296,69722.0,34.05579,-118.205154,69480.0,1
3130.0,0.0,34.169,-118.12159,89.22384,6.03504,69725.0,34.168987,-118.12172,69420.0,1
5786.0,0.0,34.24021,-118.4436,331.64987,16.09344,69725.0,34.24021,-118.44353,69600.0,1
8814.0,0.0,34.0481,-118.26676,167.45906,8.6278715,69725.0,34.0462,-118.2631,69900.0,2
8812.0,0.0,34.018894,-118.19637,269.5016,14.30528,69725.0,34.019268,-118.19925,69540.0,2
8816.0,0.0,34.058292,-118.30906,359.9387,5.856224,69725.0,34.05833,-118.30891,69600.0,1
8830.0,0.0,34.061672,-118.318756,91.42824,0.44704,69725.0,34.06159,-118.31865,69840.0,1
3145.0,0.0,34.0471,-118.2077,207.84761,0.0,69724.0,34.04664,-118.20806,69720.0,2
3138.0,0.0,34.169163,-118.10086,270.00885,15.19936,69610.0,34.16922,-118.10093,69600.0,1
3136.0,0.0,34.11035,-118.19343,129.66292,0.44704,69723.0,34.11044,-118.19335,70140.0,1
5797.0,0.0,34.03279,-118.29481,269.7397,13.947648,69724.0,34.032852,-118.295784,69780.0,2
8822.0,0.0,34.044777,-118.309105,179.7992,0.0,69724.0,34.043037,-118.309166,69840.0,2
8828.0,0.0,34.06167,-118.29989,89.584496,4.69392,69724.0,34.061626,-118.3002,69720.0,1
8826.0,0.0,34.067284,-118.410164,230.2115,0.0,69726.0,34.066772,-118.41108,69720.0,2
4000.0,0.0,34.004044,-118.26532,179.84952,0.44704,69726.0,34.004086,-118.26537,69720.0,1
4003.0,0.0,33.92799,-118.26514,0.2298596,0.89408,69726.0,33.92773,-118.265015,69900.0,1
3148.0,0.0,34.136086,-118.282196,170.48991,9.477248,69725.0,34.13503,-118.28199,69660.0,2
4005.0,0.0,34.092808,-118.14777,135.2267,10.50544,69722.0,34.092167,-118.14716,69360.0,2
4008.0,0.0,34.033337,-118.26466,35.52066,0.0,69724.0,34.033195,-118.26457,70560.0,1
4009.0,0.0,33.927917,-118.18477,198.71785,16.98752,69724.0,33.927864,-118.184845,68640.0,1
4021.0,0.0,34.257214,-118.59312,91.0,19.22272,69724.0,34.253716,-118.59881,78240.0,1
4025.0,0.0,34.242786,-118.577286,269.84735,16.942816,69725.0,34.242863,-118.58014,68760.0,2
4017.0,0.0,34.106716,-118.25575,224.19048,8.583168,69725.0,34.105686,-118.25643,69840.0,2
4018.0,0.0,34.296738,-118.45593,312.87283,13.679424,69720.0,34.29914,-118.45894,70020.0,2
4033.0,0.0,33.927525,-118.26536,180.25694,4.02336,69725.0,33.92759,-118.26533,69720.0,1
4027.0,0.0,34.00379,-118.26981,89.57382,0.0,69725.0,34.00374,-118.269806,69540.0,1
4028.0,0.0,34.09066,-118.38543,270.24216,0.44704,69725.0,34.09032,-118.38567,69540.0,1
4040.0,0.0,33.87549,-118.22328,182.0,0.0,69726.0,33.87598,-118.22283,69780.0,1
8403.0,0.0,34.152905,-118.27488,336.7134,0.44704,69726.0,34.158253,-118.328476,70500.0,2
4045.0,0.0,34.03454,-118.085045,281.0,0.0,69724.0,34.034473,-118.08438,69480.0,1
4046.0,0.0,34.254013,-118.409904,228.57175,0.0,69720.0,34.254097,-118.40983,69480.0,1
4047.0,0.0,34.091602,-118.139366,269.5293,0.044704,69720.0,34.091656,-118.139786,69420.0,1
4038.0,0.0,34.034386,-118.36964,20.590464,7.15264,69655.0,34.03567,-118.369125,69600.0,2
8410.0,0.0,34.011227,-118.28248,269.23608,0.0,69725.0,34.011272,-118.282455,69780.0,1
8413.0,0.0,34.07175,-118.3633,99.20007,9.119616,69725.0,34.07138,-118.36111,69900.0,2
4056.0,0.0,34.028584,-118.25676,28.630156,11.84656,69724.0,34.029636,-118.25594,69420.0,2
4050.0,0.0,34.07773,-118.134605,179.66136,5.006848,69720.0,34.077633,-118.13465,69600.0,2
4048.0,0.0,34.107674,-118.06119,170.34563,12.07008,69725.0,34.10685,-118.06106,69480.0,2
8407.0,0.0,34.152863,-118.28625,124.5039,19.312128,69725.0,34.14663,-118.27145,69780.0,2
8420.0,0.0,33.97457,-118.282875,89.67228,3.1292799,69623.0,33.974545,-118.28284,69660.0,1
4063.0,0.0,33.953575,-118.18347,349.36035,7.778496,69721.0,33.955837,-118.18388,69840.0,2
4064.0,0.0,34.10344,-118.09149,89.56196,5.945632,69726.0,34.10368,-118.09085,69720.0,2
4065.0,0.0,34.053448,-118.24534,127.86707,10.639551,69724.0,34.0547,-118.24271,69300.0,2
4066.0,0.0,34.14638,-118.15049,357.84042,12.517119,69724.0,34.146053,-118.15031,69960.0,1
8422.0,0.0,34.081123,-118.27104,131.69868,10.326624,69725.0,34.08055,-118.27058,69780.0,2
4068.0,0.0,33.887424,-118.160164,179.54987,4.5151043,69726.0,33.885574,-118.160194,69600.0,2
4061.0,0.0,34.08342,-118.32763,89.73489,5.006848,69724.0,34.083366,-118.32619,69660.0,2
8415.0,0.0,33.95106,-118.124756,296.03604,12.96416,69516.0,33.95167,-118.12592,69600.0,2
8419.0,0.0,33.913242,-118.10397,181.02608,0.0,69725.0,33.913143,-118.10402,70260.0,1
8431.0,0.0,33.974655,-118.3215,269.7446,0.44704,69726.0,33.974655,-118.32146,69540.0,1
8432.0,0.0,34.079323,-118.415215,57.51993,0.44704,69725.0,34.07988,-118.414246,69660.0,2
4075.0,0.0,33.944847,-118.246284,180.06575,7.7337914,69725.0,33.94544,-118.246346,69720.0,1
4077.0,0.0,34.142,-118.11443,269.3957,13.500608,69724.0,34.142044,-118.11592,69600.0,2
8436.0,0.0,33.97481,-118.2431,270.27856,3.531616,69721.0,33.974873,-118.242615,69540.0,1
4079.0,0.0,34.04718,-118.30277,89.77799,0.44704,69724.0,34.047104,-118.29966,69780.0,2
8433.0,0.0,34.041557,-118.25683,36.42409,3.7551358,69724.0,34.041492,-118.25665,69840.0,1
8429.0,0.0,34.04842,-118.529594,180.80803,15.42288,69725.0,34.04643,-118.530464,69480.0,2
8426.0,0.0,33.92193,-118.09935,179.76056,10.2819195,69725.0,33.921806,-118.09938,69420.0,1
8427.0,0.0,34.057518,-118.23065,101.912735,0.0,69724.0,34.0567,-118.23082,71220.0,1
4084.0,0.0,33.98959,-118.24783,179.9344,0.0,69726.0,33.98961,-118.24789,69420.0,1
8443.0,0.0,34.201286,-118.44872,270.18054,5.6774077,69724.0,34.201347,-118.449066,69720.0,1
4087.0,0.0,34.13976,-118.381874,276.72525,1.385824,69721.0,34.13984,-118.38204,69600.0,1
4088.0,0.0,33.875042,-118.22298,338.89722,0.0,69726.0,33.87598,-118.22283,70740.0,1
8447.0,0.0,34.256363,-118.53624,180.16534,0.044704,69722.0,34.256577,-118.536224,69600.0,1
8445.0,0.0,34.257294,-118.53439,269.87128,13.187679,69720.0,34.256577,-118.536224,69720.0,2
4080.0,0.0,34.01566,-118.15867,14.54988,13.947648,69725.0,34.016525,-118.158295,69840.0,2
4081.0,0.0,34.15053,-118.15169,63.996037,0.0,69726.0,34.150276,-118.15221,69840.0,1
4083.0,0.0,34.082237,-118.272484,132.52975,15.959328,69724.0,34.082954,-118.27354,69120.0,1
8439.0,0.0,34.15774,-118.494026,99.783455,8.6278715,69725.0,34.157406,-118.49204,69600.0,2
1806.0,0.0,34.033463,-118.264534,35.52066,0.44704,69724.0,34.033195,-118.26457,70320.0,1
1802.0,0.0,34.06264,-118.06424,89.543365,9.61136,69724.0,34.06259,-118.06303,69720.0,2
8454.0,0.0,33.94556,-118.35226,269.8912,0.44704,69724.0,33.945587,-118.35245,69840.0,1
8451.0,0.0,34.138783,-118.36313,320.2616,0.044704,69722.0,34.13905,-118.363174,70020.0,1
4097.0,0.0,34.224922,-118.44352,259.6845,9.656064,69720.0,34.225033,-118.442894,69780.0,1
8457.0,0.0,33.95261,-118.37758,89.908485,6.03504,69725.0,33.952557,-118.37653,69720.0,2
8456.0,0.0,33.971,-118.330956,179.97772,0.0,69724.0,33.971027,-118.33099,69660.0,1
8450.0,0.0,34.140076,-118.36943,115.260574,3.7551358,69725.0,34.14004,-118.3695,69840.0,1
1819.0,0.0,34.072598,-118.06088,268.0,28.968193,69726.0,34.033195,-118.26457,72120.0,1
1817.0,0.0,34.042145,-118.25975,37.65355,0.44704,69726.0,34.042534,-118.259186,69720.0,2
8448.0,0.0,34.235558,-118.589134,270.0019,5.588,69725.0,34.23559,-118.58886,69540.0,1
1816.0,0.0,34.040684,-118.16475,269.7486,0.0,69536.0,34.04072,-118.16465,69420.0,1
1814.0,0.0,34.141426,-118.14896,20.834763,0.0,69720.0,34.141335,-118.14893,69960.0,1
1812.0,0.0,34.148632,-118.08031,239.0,0.44704,69725.0,34.14845,-118.08092,69780.0,1
8463.0,0.0,33.974712,-118.29205,269.7128,0.44704,69724.0,33.97476,-118.29217,69660.0,1
8468.0,0.0,34.018593,-118.28219,207.28058,8.136128,69724.0,34.01627,-118.282906,69720.0,2
8461.0,0.0,33.974625,-118.23346,89.99707,7.107936,69726.0,33.974606,-118.23316,69480.0,2
1828.0,0.0,34.055504,-118.13537,206.83916,14.5288,69726.0,34.05446,-118.13609,69780.0,2
1827.0,0.0,34.088318,-118.17292,62.995224,12.606528,69726.0,34.088486,-118.172195,69720.0,2
1826.0,0.0,34.06246,-118.11308,89.44769,11.533631,69724.0,34.062443,-118.110664,69720.0,2
1824.0,0.0,34.062756,-118.04312,89.466965,6.8844156,69725.0,34.06307,-118.04234,69420.0,2
8475.0,0.0,34.15582,-118.47905,279.354,12.695935,69725.0,34.15595,-118.47955,69720.0,1
8473.0,0.0,34.1675,-118.53263,296.50476,13.500608,69726.0,34.16798,-118.53363,69300.0,2
8479.0,0.0,34.162685,-118.519066,288.14774,0.58115196,69722.0,34.16275,-118.51908,69660.0,1
8477.0,0.0,34.143223,-118.398636,83.95438,9.343136,69720.0,34.143276,-118.39719,69900.0,2
8478.0,0.0,34.163044,-118.52087,114.25117,13.947648,69721.0,34.162148,-118.518036,69840.0,2
8470.0,0.0,34.196766,-118.53611,179.91466,9.343136,69724.0,34.193584,-118.5362,69840.0,2
1833.0,0.0,34.05773,-118.23573,289.0317,12.74064,69725.0,34.05813,-118.23669,68820.0,2
1831.0,0.0,34.148655,-118.08069,270.609,0.44704,69725.0,34.14845,-118.08092,69960.0,1
1830.0,0.0,34.142334,-118.02977,268.59564,0.0,69725.0,34.142357,-118.02971,69720.0,1
1836.0,0.0,34.076828,-118.04695,287.6277,11.712448,69725.0,34.078236,-118.05053,69600.0,2
8487.0,0.0,34.097996,-118.33063,269.74426,0.357632,69721.0,34.09813,-118.33084,69660.0,1
8485.0,0.0,34.217194,-118.53603,359.93683,15.0652485,69721.0,34.215935,-118.53593,69240.0,1
8483.0,0.0,34.15051,-118.44663,101.10805,5.856224,69724.0,34.150276,-118.44554,69780.0,2
8480.0,0.0,34.148174,-118.43175,281.38367,10.818368,69726.0,34.14824,-118.43166,69660.0,1
8481.0,0.0,34.208973,-118.536026,359.81406,10.371328,69725.0,34.212303,-118.53591,69720.0,2
1844.0,0.0,34.055763,-118.22947,113.48872,13.098271,69720.0,34.054096,-118.225525,69720.0,2
1847.0,0.0,34.058975,-118.44286,72.40261,0.44704,69724.0,34.06019,-118.43808,69660.0,2
8490.0,0.0,34.02223,-118.280975,117.99557,8.9408,69637.0,34.021744,-118.280266,69060.0,2
1853.0,0.0,34.0476,-118.25348,127.511345,8.9408,69720.0,34.047386,-118.25332,69720.0,1
1852.0,0.0,33.87911,-118.08246,179.45586,9.298431,69725.0,33.87787,-118.082466,69720.0,2
1850.0,0.0,34.039593,-118.259026,307.38544,28.61056,69720.0,34.038033,-118.26057,69840.0,2
1858.0,0.0,34.05404,-118.26245,117.25284,0.0,69726.0,34.054,-118.262344,69780.0,1
1856.0,0.0,34.06043,-118.27695,298.4331,0.0,69655.0,34.06049,-118.27673,69780.0,1
1865.0,0.0,34.05164,-118.25606,307.43335,0.0,69724.0,34.051563,-118.25584,69720.0,1
1863.0,0.0,34.046272,-118.25142,128.02753,0.0,69721.0,34.04571,-118.25075,69720.0,2
1862.0,0.0,34.07383,-118.207634,269.0112,0.44704,69725.0,34.07388,-118.20762,69660.0,1
1880.0,0.0,34.090897,-118.21133,39.41517,8.136128,69724.0,34.090603,-118.211494,69540.0,1
1874.0,0.0,33.928543,-118.234245,243.61449,9.879584,69724.0,33.924,-118.25447,69780.0,2
1873.0,0.0,34.049446,-118.25302,309.00552,6.124448,69724.0,34.05007,-118.254265,69720.0,2
1871.0,0.0,33.867012,-118.26835,268.44238,15.601696,69720.0,33.86701,-118.27128,69180.0,2
1879.0,0.0,34.145813,-118.140144,89.54834,5.543296,69721.0,34.145733,-118.138596,69960.0,2
1878.0,0.0,34.189957,-118.13202,74.46808,0.0,69725.0,34.190033,-118.13151,73320.0,1
1891.0,0.0,34.101715,-118.32062,269.51343,13.366495,69724.0,34.101784,-118.3222,69900.0,2
1890.0,0.0,34.10326,-118.20282,359.26834,11.041888,69725.0,34.104973,-118.20186,69720.0,2
1888.0,0.0,34.072628,-118.36151,179.82216,6.616192,69721.0,34.071224,-118.36162,69780.0,2
1887.0,0.0,34.016758,-118.30013,359.88266,13.366495,69726.0,34.018646,-118.300064,69900.0,2
1885.0,0.0,34.10455,-118.20267,39.9497,9.700768,69722.0,34.104973,-118.20186,68400.0,2
1884.0,0.0,34.100033,-118.325325,90.0,0.44704,69725.0,34.10022,-118.325615,69900.0,1
1881.0,0.0,34.259758,-118.30996,270.0,16.004032,69725.0,34.16883,-118.3753,72900.0,1
1899.0,0.0,34.049965,-118.3669,12.407041,8.538464,69724.0,34.049515,-118.36686,69900.0,1
1897.0,0.0,34.093094,-118.205986,124.35822,10.952479,69724.0,34.092777,-118.20555,69420.0,2
1896.0,0.0,34.101604,-118.32345,89.54553,9.656064,69722.0,34.101532,-118.322525,69480.0,2
1894.0,0.0,34.046017,-118.26124,217.90593,21.904959,69726.0,34.046124,-118.261375,69720.0,1
1893.0,0.0,34.067265,-118.30043,180.01682,5.096256,69721.0,34.066936,-118.300476,69660.0,1
5809.0,0.0,34.048023,-118.337296,8.363781,0.044704,69722.0,34.048107,-118.33777,70200.0,1
5802.0,0.0,33.95837,-118.18422,96.09716,0.0,69720.0,33.95831,-118.184235,74340.0,1
